{"startTime":1570599545939,"endTime":1570599834974,"minLatency":38,"maxLatency":5000,"testDuration":289035,"dX":1452.4371859296482,"dY":25.12562814070352}