{"startTime":1570257977506,"endTime":1570258078269,"minLatency":41,"maxLatency":5000,"testDuration":100763,"dX":506.3467336683417,"dY":25.12562814070352}