{"startTime":1570258175214,"endTime":1570258247679,"minLatency":41,"maxLatency":4000,"testDuration":72465,"dX":364.1457286432161,"dY":20.100502512562816}