{"startTime":1570257678280,"endTime":1570257978233,"minLatency":41,"maxLatency":5000,"testDuration":299953,"dX":1507.3015075376884,"dY":25.12562814070352}