{"startTime":1570599346212,"endTime":1570599446550,"minLatency":38,"maxLatency":5000,"testDuration":100338,"dX":504.2110552763819,"dY":25.12562814070352}