{"startTime":1570599445903,"endTime":1570599546593,"minLatency":38,"maxLatency":982,"testDuration":100690,"dX":505.97989949748745,"dY":4.934673366834171}