{"startTime":1570599046600,"endTime":1570599346599,"minLatency":38,"maxLatency":5000,"testDuration":299999,"dX":1507.532663316583,"dY":25.12562814070352}