{"startTime":1570257678280,"endTime":1570257978233,"minLatency":41,"maxLatency":30115,"testDuration":299953,"dX":1507.3015075376884,"dY":151.33165829145727}