{"startTime":1570258077853,"endTime":1570258178255,"minLatency":41,"maxLatency":30115,"testDuration":100402,"dX":504.5326633165829,"dY":151.33165829145727}