{"startTime":1570258077853,"endTime":1570258178255,"minLatency":41,"maxLatency":4000,"testDuration":100402,"dX":504.5326633165829,"dY":20.100502512562816}