{"startTime":1570258077853,"endTime":1570258178255,"minLatency":41,"maxLatency":5000,"testDuration":100402,"dX":504.5326633165829,"dY":25.12562814070352}