{"startTime":1570599445903,"endTime":1570599546593,"minLatency":38,"maxLatency":5000,"testDuration":100690,"dX":505.97989949748745,"dY":25.12562814070352}