{"startTime":1570599346212,"endTime":1570599446550,"minLatency":38,"maxLatency":982,"testDuration":100338,"dX":504.2110552763819,"dY":4.934673366834171}