{"startTime":1572918542076,"endTime":1572918840459,"minLatency":1,"maxLatency":"16000","minMetric":1,"maxMetric":"16000","clientTime":{"up":18852232,"down":0,"del":0},"testDuration":298383,"dX":null,"dY":80.40201005025126,"dYMetric":80.40201005025126}