{"startTime":1572912194300,"endTime":1572912356644,"minLatency":1,"maxLatency":"32000","minMetric":1,"maxMetric":"32000","clientTime":{"up":231559505,"down":173717124,"del":0},"testDuration":162344,"dX":null,"dY":160.80402010050253,"dYMetric":160.80402010050253}