{"startTime":1572905548651,"endTime":1572905664610,"minLatency":1,"maxLatency":"32000","minMetric":1,"maxMetric":"32000","clientTime":{"up":31901303,"down":372230756,"del":0},"testDuration":115959,"dX":null,"dY":160.80402010050253,"dYMetric":160.80402010050253}