{"startTime":1572912337662,"endTime":1572912604547,"minLatency":1,"maxLatency":"32000","minMetric":1,"maxMetric":"32000","clientTime":{"up":20315047,"down":10040806,"del":970900442},"testDuration":266885,"dX":null,"dY":160.80402010050253,"dYMetric":160.80402010050253}