{"startTime":1572916483454,"endTime":1572916545989,"minLatency":1,"maxLatency":"7200","minMetric":1,"maxMetric":"7200","clientTime":{"up":992096,"down":683956,"del":28805680},"testDuration":62535,"dX":null,"dY":36.18090452261306,"dYMetric":36.18090452261306}