{"startTime":1572910823396,"endTime":1572911065624,"minLatency":1,"maxLatency":"800","minMetric":1,"maxMetric":"800","clientTime":{"up":7732,"down":715,"del":15425644},"testDuration":242228,"dX":null,"dY":4.0201005025125625,"dYMetric":4.0201005025125625}