{"startTime":1572904038208,"endTime":1572904138312,"minLatency":1,"maxLatency":"800","minMetric":1,"maxMetric":"800","clientTime":{"up":4428004,"down":1953087,"del":0},"testDuration":100104,"dX":null,"dY":4.0201005025125625,"dYMetric":4.0201005025125625}