{"startTime":1572910723320,"endTime":1572910823580,"minLatency":9,"maxLatency":1210,"minMetric":9,"maxMetric":1210,"clientTime":{"up":4382494,"down":2005139,"del":0},"testDuration":100260,"dX":null,"dY":6.080402010050252,"dYMetric":6.080402010050252}