{"startTime":1572904946942,"endTime":1572905248348,"minLatency":1,"maxLatency":"6400","minMetric":1,"maxMetric":"6400","clientTime":{"up":270050,"down":114694,"del":152611324},"testDuration":301406,"dX":null,"dY":32.1608040201005,"dYMetric":32.1608040201005}