{"startTime":1572911479467,"endTime":1572911580337,"minLatency":1,"maxLatency":"6400","minMetric":1,"maxMetric":"6400","clientTime":{"up":31114928,"down":20039260,"del":0},"testDuration":100870,"dX":null,"dY":32.1608040201005,"dYMetric":32.1608040201005}