{"startTime":1572909848141,"endTime":1572909948161,"minLatency":1,"maxLatency":"100","minMetric":1,"maxMetric":"100","clientTime":{"up":238,"down":791849,"del":0},"testDuration":100020,"dX":null,"dY":0.5025125628140703,"dYMetric":0.5025125628140703}