{"startTime":1572918834965,"endTime":1572918942501,"minLatency":1,"maxLatency":"16000","minMetric":1,"maxMetric":"16000","clientTime":{"up":624637,"down":5864778,"del":0},"testDuration":107536,"dX":null,"dY":80.40201005025126,"dYMetric":80.40201005025126}