{"startTime":1572904746680,"endTime":1572904848937,"minLatency":6,"maxLatency":3933,"minMetric":6,"maxMetric":3933,"clientTime":{"up":554032,"down":50754146,"del":0},"testDuration":102257,"dX":null,"dY":19.763819095477388,"dYMetric":19.763819095477388}