{"startTime":1572903938140,"endTime":1572904038326,"minLatency":1,"maxLatency":"800","minMetric":1,"maxMetric":"800","clientTime":{"up":7918,"down":6367416,"del":0},"testDuration":100186,"dX":null,"dY":4.0201005025125625,"dYMetric":4.0201005025125625}