{"startTime":1572915201300,"endTime":1572915287222,"minLatency":1,"maxLatency":"200","minMetric":1,"maxMetric":"200","clientTime":{"up":891,"down":0,"del":676403},"testDuration":85922,"dX":null,"dY":1.0050251256281406,"dYMetric":1.0050251256281406}