{"startTime":1572918935695,"endTime":1572919041545,"minLatency":1,"maxLatency":"16000","minMetric":1,"maxMetric":"16000","clientTime":{"up":3368582,"down":3061163,"del":0},"testDuration":105850,"dX":null,"dY":80.40201005025126,"dYMetric":80.40201005025126}