{"startTime":1572918407031,"endTime":1572918414757,"minLatency":9,"maxLatency":2137,"minMetric":9,"maxMetric":2137,"clientTime":{"up":5996,"down":0,"del":47349,"undefined":null},"testDuration":7726,"dX":null,"dY":10.738693467336683,"dYMetric":10.738693467336683}