{"startTime":1572910323576,"endTime":1572910623586,"minLatency":1,"maxLatency":"800","minMetric":1,"maxMetric":"800","clientTime":{"up":19157573,"down":0,"del":0},"testDuration":300010,"dX":null,"dY":4.0201005025125625,"dYMetric":4.0201005025125625}