{"startTime":1572912136946,"endTime":1572912256648,"minLatency":10,"maxLatency":134095,"minMetric":10,"maxMetric":134095,"clientTime":{"up":40541139,"down":375065768,"del":0},"testDuration":119702,"dX":null,"dY":673.8442211055276,"dYMetric":673.8442211055276}