{"startTime":1572910823396,"endTime":1572911065624,"minLatency":9,"maxLatency":1210,"minMetric":9,"maxMetric":1210,"clientTime":{"up":7732,"down":0,"del":15425644,"undefined":null},"testDuration":242228,"dX":null,"dY":6.080402010050252,"dYMetric":6.080402010050252}