{"startTime":1572916483454,"endTime":1572916545989,"minLatency":33,"maxLatency":6958,"minMetric":33,"maxMetric":6958,"clientTime":{"up":992096,"down":683956,"del":28805680},"testDuration":62535,"dX":null,"dY":34.96482412060301,"dYMetric":34.96482412060301}