{"startTime":1572918407031,"endTime":1572918414757,"minLatency":1,"maxLatency":"2000","minMetric":1,"maxMetric":"2000","clientTime":{"up":5996,"down":3898,"del":47349},"testDuration":7726,"dX":null,"dY":10.050251256281408,"dYMetric":10.050251256281408}