{"startTime":1572903226085,"endTime":1572903326093,"minLatency":5,"maxLatency":1046,"minMetric":5,"maxMetric":1046,"clientTime":{"up":523083,"down":268594,"del":0},"testDuration":100008,"dX":null,"dY":5.256281407035176,"dYMetric":5.256281407035176}