{"startTime":1572911378039,"endTime":1572911480323,"minLatency":10,"maxLatency":7877,"minMetric":10,"maxMetric":7877,"clientTime":{"up":594851,"down":50647111,"del":0},"testDuration":102284,"dX":null,"dY":39.58291457286432,"dYMetric":39.58291457286432}