{"startTime":1572909848141,"endTime":1572909948161,"minLatency":7,"maxLatency":1034,"minMetric":7,"maxMetric":1034,"clientTime":{"up":238,"down":0,"del":0,"undefined":null},"testDuration":100020,"dX":null,"dY":5.1959798994974875,"dYMetric":5.1959798994974875}