{"startTime":1572914701370,"endTime":1572915001336,"minLatency":7,"maxLatency":1040,"minMetric":7,"maxMetric":1040,"clientTime":{"up":2391959,"down":0,"del":0},"testDuration":299966,"dX":null,"dY":5.226130653266332,"dYMetric":5.226130653266332}