{"startTime":1572915297872,"endTime":1572915597847,"minLatency":17,"maxLatency":7505,"minMetric":17,"maxMetric":7505,"clientTime":{"up":19167528,"down":0,"del":0},"testDuration":299975,"dX":null,"dY":37.71356783919598,"dYMetric":37.71356783919598}