{"startTime":1572904746680,"endTime":1572904848937,"minLatency":1,"maxLatency":"6400","minMetric":1,"maxMetric":"6400","clientTime":{"up":554032,"down":50754146,"del":0},"testDuration":102257,"dX":null,"dY":32.1608040201005,"dYMetric":32.1608040201005}