{"startTime":1572911578686,"endTime":1572911832046,"minLatency":1,"maxLatency":"6400","minMetric":1,"maxMetric":"6400","clientTime":{"up":297213,"down":157781,"del":127971094},"testDuration":253360,"dX":null,"dY":32.1608040201005,"dYMetric":32.1608040201005}