{"startTime":1572912136946,"endTime":1572912256648,"minLatency":1,"maxLatency":"32000","minMetric":1,"maxMetric":"32000","clientTime":{"up":40541139,"down":375065768,"del":0},"testDuration":119702,"dX":null,"dY":160.80402010050253,"dYMetric":160.80402010050253}