{"startTime":1572911080322,"endTime":1572911380321,"minLatency":10,"maxLatency":7877,"minMetric":10,"maxMetric":7877,"clientTime":{"up":153233217,"down":0,"del":0},"testDuration":299999,"dX":null,"dY":39.58291457286432,"dYMetric":39.58291457286432}