{"startTime":1572902826096,"endTime":1572903126092,"minLatency":1,"maxLatency":"100","minMetric":1,"maxMetric":"100","clientTime":{"up":2378046,"down":0,"del":0},"testDuration":299996,"dX":null,"dY":0.5025125628140703,"dYMetric":0.5025125628140703}