{"startTime":1572904448844,"endTime":1572904748841,"minLatency":6,"maxLatency":3933,"minMetric":6,"maxMetric":3933,"clientTime":{"up":153264044,"down":0,"del":0},"testDuration":299997,"dX":null,"dY":19.763819095477388,"dYMetric":19.763819095477388}