{"startTime":1572919031193,"endTime":1572919051147,"minLatency":1,"maxLatency":"16000","minMetric":1,"maxMetric":"16000","clientTime":{"up":359075,"down":345987,"del":285630},"testDuration":19954,"dX":null,"dY":80.40201005025126,"dYMetric":80.40201005025126}