{"startTime":1572910323576,"endTime":1572910623586,"minLatency":9,"maxLatency":1210,"minMetric":9,"maxMetric":1210,"clientTime":{"up":19157573,"down":0,"del":0},"testDuration":300010,"dX":null,"dY":6.080402010050252,"dYMetric":6.080402010050252}