{"startTime":1572916384051,"endTime":1572916487469,"minLatency":33,"maxLatency":6958,"minMetric":33,"maxMetric":6958,"clientTime":{"up":26949472,"down":0,"del":0,"undefined":null},"testDuration":103418,"dX":null,"dY":34.96482412060301,"dYMetric":34.96482412060301}