{"startTime":1572915597498,"endTime":1572915697872,"minLatency":17,"maxLatency":7505,"minMetric":17,"maxMetric":7505,"clientTime":{"up":30443,"down":0,"del":0,"undefined":null},"testDuration":100374,"dX":null,"dY":37.71356783919598,"dYMetric":37.71356783919598}