{"startTime":1572903938140,"endTime":1572904038326,"minLatency":5,"maxLatency":1172,"minMetric":5,"maxMetric":1172,"clientTime":{"up":7918,"down":0,"del":0,"undefined":null},"testDuration":100186,"dX":null,"dY":5.889447236180905,"dYMetric":5.889447236180905}