{"startTime":1572903226085,"endTime":1572903326093,"minLatency":1,"maxLatency":"100","minMetric":1,"maxMetric":"100","clientTime":{"up":523083,"down":268594,"del":0},"testDuration":100008,"dX":null,"dY":0.5025125628140703,"dYMetric":0.5025125628140703}