{"startTime":1572916283423,"endTime":1572916387575,"minLatency":1,"maxLatency":"7200","minMetric":1,"maxMetric":"7200","clientTime":{"up":1861922,"down":49559407,"del":0},"testDuration":104152,"dX":null,"dY":36.18090452261306,"dYMetric":36.18090452261306}