{"startTime":1572915987381,"endTime":1572916287352,"minLatency":1,"maxLatency":"7200","minMetric":1,"maxMetric":"7200","clientTime":{"up":152411148,"down":0,"del":0},"testDuration":299971,"dX":1507.391959798995,"dY":36.18090452261306,"dYMetric":36.18090452261306}