{"startTime":1572915297872,"endTime":1572915597847,"minLatency":1,"maxLatency":"1200","minMetric":1,"maxMetric":"1200","clientTime":{"up":19167528,"down":0,"del":0},"testDuration":299975,"dX":1507.4120603015076,"dY":6.030150753768845,"dYMetric":6.030150753768845}