{"startTime":1572903326081,"endTime":1572903623119,"minLatency":5,"maxLatency":1046,"minMetric":5,"maxMetric":1046,"clientTime":{"up":82,"down":0,"del":2349696,"undefined":null},"testDuration":297038,"dX":1492.6532663316582,"dY":5.256281407035176,"dYMetric":5.256281407035176}