{"startTime":1572917908428,"endTime":1572918208043,"minLatency":9,"maxLatency":2137,"minMetric":9,"maxMetric":2137,"clientTime":{"up":2394829,"down":0,"del":0},"testDuration":299615,"dX":1505.6030150753768,"dY":10.738693467336683,"dYMetric":10.738693467336683}