{"startTime":1572915987381,"endTime":1572916287352,"minLatency":33,"maxLatency":6958,"minMetric":33,"maxMetric":6958,"clientTime":{"up":152411148,"down":0,"del":0},"testDuration":299971,"dX":1507.391959798995,"dY":34.96482412060301,"dYMetric":34.96482412060301}