{"startTime":1572910623381,"endTime":1572910723575,"minLatency":1,"maxLatency":"800","minMetric":1,"maxMetric":"800","clientTime":{"up":9409,"down":6370424,"del":0},"testDuration":100194,"dX":503.48743718592965,"dY":4.0201005025125625,"dYMetric":4.0201005025125625}