{"startTime":1572915597498,"endTime":1572915697872,"minLatency":1,"maxLatency":"1200","minMetric":1,"maxMetric":"1200","clientTime":{"up":30443,"down":6369931,"del":0},"testDuration":100374,"dX":504.39195979899495,"dY":6.030150753768845,"dYMetric":6.030150753768845}