{"startTime":1572916384051,"endTime":1572916487469,"minLatency":1,"maxLatency":"7200","minMetric":1,"maxMetric":"7200","clientTime":{"up":26949472,"down":24152114,"del":0},"testDuration":103418,"dX":519.6884422110553,"dY":36.18090452261306,"dYMetric":36.18090452261306}