{"startTime":1572911856643,"endTime":1572912156639,"minLatency":1,"maxLatency":"32000","minMetric":1,"maxMetric":"32000","clientTime":{"up":1208289699,"down":0,"del":0},"testDuration":299996,"dX":1507.5175879396984,"dY":160.80402010050253,"dYMetric":160.80402010050253}