{"startTime":1572904847823,"endTime":1572904948847,"minLatency":1,"maxLatency":"6400","minMetric":1,"maxMetric":"6400","clientTime":{"up":31126629,"down":19944133,"del":0},"testDuration":101024,"dX":507.65829145728645,"dY":32.1608040201005,"dYMetric":32.1608040201005}