{"startTime":1572909948148,"endTime":1572910048162,"minLatency":1,"maxLatency":"100","minMetric":1,"maxMetric":"100","clientTime":{"up":519199,"down":274635,"del":0},"testDuration":100014,"dX":502.5829145728643,"dY":0.5025125628140703,"dYMetric":0.5025125628140703}