{"startTime":1572904138124,"endTime":1572904436784,"minLatency":1,"maxLatency":"800","minMetric":1,"maxMetric":"800","clientTime":{"up":4588,"down":1464,"del":19017626},"testDuration":298660,"dX":1500.8040201005026,"dY":4.0201005025125625,"dYMetric":4.0201005025125625}