{"startTime":1572915101323,"endTime":1572915201360,"minLatency":1,"maxLatency":"200","minMetric":1,"maxMetric":"200","clientTime":{"up":491355,"down":305714,"del":0},"testDuration":100037,"dX":502.69849246231155,"dY":1.0050251256281406,"dYMetric":1.0050251256281406}