{"startTime":1572918307472,"endTime":1572918408364,"minLatency":9,"maxLatency":2137,"minMetric":9,"maxMetric":2137,"clientTime":{"up":480259,"down":0,"del":0,"undefined":null},"testDuration":100892,"dX":506.99497487437185,"dY":10.738693467336683,"dYMetric":10.738693467336683}