{"startTime":1572903638312,"endTime":1572903938314,"minLatency":5,"maxLatency":1172,"minMetric":5,"maxMetric":1172,"clientTime":{"up":19146819,"down":0,"del":0},"testDuration":300002,"dX":1507.5477386934674,"dY":5.889447236180905,"dYMetric":5.889447236180905}