{"startTime":1572914701370,"endTime":1572915001336,"minLatency":1,"maxLatency":"200","minMetric":1,"maxMetric":"200","clientTime":{"up":2391959,"down":0,"del":0},"testDuration":299966,"dX":1507.3668341708542,"dY":1.0050251256281406,"dYMetric":1.0050251256281406}