{"startTime":1572905264434,"endTime":1572905564430,"minLatency":7,"maxLatency":106779,"minMetric":7,"maxMetric":106779,"clientTime":{"up":1212303559,"down":0,"del":0},"testDuration":299996,"dX":1507.5175879396984,"dY":536.5778894472362,"dYMetric":536.5778894472362}