{"startTime":1572911378039,"endTime":1572911480323,"minLatency":1,"maxLatency":"6400","minMetric":1,"maxMetric":"6400","clientTime":{"up":594851,"down":50647111,"del":0},"testDuration":102284,"dX":513.9899497487437,"dY":32.1608040201005,"dYMetric":32.1608040201005}