{"startTime":1572903126079,"endTime":1572903226093,"minLatency":1,"maxLatency":"100","minMetric":1,"maxMetric":"100","clientTime":{"up":163,"down":788567,"del":0},"testDuration":100014,"dX":502.5829145728643,"dY":0.5025125628140703,"dYMetric":0.5025125628140703}