{"startTime":1572918207549,"endTime":1572918308454,"minLatency":1,"maxLatency":"2000","minMetric":1,"maxMetric":"2000","clientTime":{"up":9506,"down":789914,"del":0},"testDuration":100905,"dX":507.0603015075377,"dY":10.050251256281408,"dYMetric":10.050251256281408}