{"startTime":1572916283423,"endTime":1572916387575,"minLatency":33,"maxLatency":6958,"minMetric":33,"maxMetric":6958,"clientTime":{"up":1861922,"down":0,"del":0,"undefined":null},"testDuration":104152,"dX":523.3768844221106,"dY":34.96482412060301,"dYMetric":34.96482412060301}