{"startTime":1572915697502,"endTime":1572915797861,"minLatency":17,"maxLatency":7505,"minMetric":17,"maxMetric":7505,"clientTime":{"up":3650806,"down":0,"del":0,"undefined":null},"testDuration":100359,"dX":504.31658291457285,"dY":37.71356783919598,"dYMetric":37.71356783919598}