{"startTime":1572910723320,"endTime":1572910823580,"minLatency":1,"maxLatency":"800","minMetric":1,"maxMetric":"800","clientTime":{"up":4382494,"down":2005139,"del":0},"testDuration":100260,"dX":503.81909547738695,"dY":4.0201005025125625,"dYMetric":4.0201005025125625}