{"startTime":1572911080322,"endTime":1572911380321,"minLatency":1,"maxLatency":"6400","minMetric":1,"maxMetric":"6400","clientTime":{"up":153233217,"down":0,"del":0},"testDuration":299999,"dX":1507.532663316583,"dY":32.1608040201005,"dYMetric":32.1608040201005}