{"startTime":1572903638312,"endTime":1572903938314,"minLatency":1,"maxLatency":"800","minMetric":1,"maxMetric":"800","clientTime":{"up":19146819,"down":0,"del":0},"testDuration":300002,"dX":1507.5477386934674,"dY":4.0201005025125625,"dYMetric":4.0201005025125625}