{"startTime":1572902826096,"endTime":1572903126092,"minLatency":5,"maxLatency":1046,"minMetric":5,"maxMetric":1046,"clientTime":{"up":2378046,"down":0,"del":0},"testDuration":299996,"dX":1507.5175879396984,"dY":5.256281407035176,"dYMetric":5.256281407035176}