{"startTime":1572911479467,"endTime":1572911580337,"minLatency":10,"maxLatency":7877,"minMetric":10,"maxMetric":7877,"clientTime":{"up":31114928,"down":20039260,"del":0},"testDuration":100870,"dX":506.88442211055275,"dY":39.58291457286432,"dYMetric":39.58291457286432}