{"startTime":1572915697502,"endTime":1572915797861,"minLatency":1,"maxLatency":"1200","minMetric":1,"maxMetric":"1200","clientTime":{"up":3650806,"down":2739629,"del":0},"testDuration":100359,"dX":504.31658291457285,"dY":6.030150753768845,"dYMetric":6.030150753768845}