{"startTime":1572911856643,"endTime":1572912156639,"minLatency":10,"maxLatency":134095,"minMetric":10,"maxMetric":134095,"clientTime":{"up":1208289699,"down":0,"del":0},"testDuration":299996,"dX":1507.5175879396984,"dY":673.8442211055276,"dYMetric":673.8442211055276}