{"startTime":1572904138124,"endTime":1572904436784,"minLatency":5,"maxLatency":1172,"minMetric":5,"maxMetric":1172,"clientTime":{"up":4588,"down":0,"del":19017626,"undefined":null},"testDuration":298660,"dX":1500.8040201005026,"dY":5.889447236180905,"dYMetric":5.889447236180905}