{"startTime":1572905264434,"endTime":1572905564430,"minLatency":1,"maxLatency":"32000","minMetric":1,"maxMetric":"32000","clientTime":{"up":1212303559,"down":0,"del":0},"testDuration":299996,"dX":1507.5175879396984,"dY":160.80402010050253,"dYMetric":160.80402010050253}