{"startTime":1572918307472,"endTime":1572918408364,"minLatency":1,"maxLatency":"2000","minMetric":1,"maxMetric":"2000","clientTime":{"up":480259,"down":353164,"del":0},"testDuration":100892,"dX":506.99497487437185,"dY":10.050251256281408,"dYMetric":10.050251256281408}