{"startTime":1572915597498,"endTime":1572915697872,"minLatency":17,"maxLatency":7505,"minMetric":17,"maxMetric":7505,"clientTime":{"up":30443,"down":6369931,"del":0},"testDuration":100374,"dX":504.39195979899495,"dY":37.71356783919598,"dYMetric":37.71356783919598}