{"startTime":1572909848141,"endTime":1572909948161,"minLatency":7,"maxLatency":1034,"minMetric":7,"maxMetric":1034,"clientTime":{"up":238,"down":791849,"del":0},"testDuration":100020,"dX":502.61306532663315,"dY":5.1959798994974875,"dYMetric":5.1959798994974875}