{"startTime":1572903126079,"endTime":1572903226093,"minLatency":5,"maxLatency":1046,"minMetric":5,"maxMetric":1046,"clientTime":{"up":163,"down":0,"del":0,"undefined":null},"testDuration":100014,"dX":502.5829145728643,"dY":5.256281407035176,"dYMetric":5.256281407035176}