{"startTime":1572904448844,"endTime":1572904748841,"minLatency":1,"maxLatency":"6400","minMetric":1,"maxMetric":"6400","clientTime":{"up":153264044,"down":0,"del":0},"testDuration":299997,"dX":1507.5226130653266,"dY":32.1608040201005,"dYMetric":32.1608040201005}