{"startTime":1572910048138,"endTime":1572910303891,"minLatency":1,"maxLatency":"100","minMetric":1,"maxMetric":"100","clientTime":{"up":150,"down":14,"del":2024749},"testDuration":255753,"dX":1285.1909547738694,"dY":0.5025125628140703,"dYMetric":0.5025125628140703}