{"startTime":1572900421865,"endTime":1572900545010,"minLatency":1,"maxLatency":"32000","minMetric":1,"maxMetric":"32000","clientTime":{"up":145846238,"down":266188458,"del":0},"testDuration":123145,"dX":null,"dY":160.80402010050253,"dYMetric":160.80402010050253}