{"startTime":1572906974326,"endTime":1572907274325,"minLatency":1,"maxLatency":"800","minMetric":1,"maxMetric":"800","clientTime":{"up":19173593,"down":0,"del":0},"testDuration":299999,"dX":null,"dY":4.0201005025125625,"dYMetric":4.0201005025125625}