{"startTime":1572899491155,"endTime":1572899592988,"minLatency":24,"maxLatency":7558,"minMetric":24,"maxMetric":7558,"clientTime":{"up":679636,"down":50247949,"del":0},"testDuration":101833,"dX":null,"dY":37.97989949748744,"dYMetric":37.97989949748744}