{"startTime":1572907273967,"endTime":1572907374323,"minLatency":1,"maxLatency":"800","minMetric":1,"maxMetric":"800","clientTime":{"up":14865,"down":6376385,"del":0},"testDuration":100356,"dX":null,"dY":4.0201005025125625,"dYMetric":4.0201005025125625}