{"startTime":1572917143943,"endTime":1572917153766,"minLatency":9,"maxLatency":1718,"minMetric":9,"maxMetric":1718,"clientTime":{"up":3785,"down":4677,"del":64310},"testDuration":9823,"dX":null,"dY":8.633165829145728,"dYMetric":8.633165829145728}