{"startTime":1572913865192,"endTime":1572913956405,"minLatency":11,"maxLatency":1292,"minMetric":11,"maxMetric":1292,"clientTime":{"up":17437,"down":22708,"del":5735978},"testDuration":91213,"dX":null,"dY":6.492462311557789,"dYMetric":6.492462311557789}