{"startTime":1572907473868,"endTime":1572907735717,"minLatency":1,"maxLatency":"800","minMetric":1,"maxMetric":"800","clientTime":{"up":7572,"down":10065,"del":16665700},"testDuration":261849,"dX":null,"dY":4.0201005025125625,"dYMetric":4.0201005025125625}