{"startTime":1572908060751,"endTime":1572908162918,"minLatency":1,"maxLatency":"6400","minMetric":1,"maxMetric":"6400","clientTime":{"up":800765,"down":50028263,"del":0},"testDuration":102167,"dX":null,"dY":32.1608040201005,"dYMetric":32.1608040201005}