{"startTime":1572899688549,"endTime":1572899979565,"minLatency":24,"maxLatency":7558,"minMetric":24,"maxMetric":7558,"clientTime":{"up":295442,"down":539268,"del":145661388},"testDuration":291016,"dX":null,"dY":37.97989949748744,"dYMetric":37.97989949748744}