{"startTime":1572907273967,"endTime":1572907374323,"minLatency":12,"maxLatency":1089,"minMetric":12,"maxMetric":1089,"clientTime":{"up":14865,"down":6376385,"del":0},"testDuration":100356,"dX":null,"dY":5.472361809045226,"dYMetric":5.472361809045226}