{"startTime":1572907473868,"endTime":1572907735717,"minLatency":12,"maxLatency":1089,"minMetric":12,"maxMetric":1089,"clientTime":{"up":7572,"down":10065,"del":16665700},"testDuration":261849,"dX":null,"dY":5.472361809045226,"dYMetric":5.472361809045226}