{"startTime":1572898135316,"endTime":1572898235572,"minLatency":11,"maxLatency":873,"minMetric":11,"maxMetric":873,"clientTime":{"up":12059,"down":6378509,"del":0},"testDuration":100256,"dX":null,"dY":4.386934673366834,"dYMetric":4.386934673366834}