{"startTime":1572917869084,"endTime":1572917890693,"minLatency":1,"maxLatency":"16000","minMetric":1,"maxMetric":"16000","clientTime":{"up":288736,"down":309275,"del":273817},"testDuration":21609,"dX":null,"dY":80.40201005025126,"dYMetric":80.40201005025126}