{"startTime":1572913237356,"endTime":1572913351482,"minLatency":6,"maxLatency":246,"minMetric":6,"maxMetric":246,"clientTime":{"up":130,"down":495,"del":906145},"testDuration":114126,"dX":null,"dY":1.236180904522613,"dYMetric":1.236180904522613}