{"startTime":1572909015093,"endTime":1572909139494,"minLatency":1,"maxLatency":"32000","minMetric":1,"maxMetric":"32000","clientTime":{"up":51308460,"down":341871594,"del":0},"testDuration":124401,"dX":null,"dY":160.80402010050253,"dYMetric":160.80402010050253}