{"startTime":1572908060751,"endTime":1572908162918,"minLatency":21,"maxLatency":6350,"minMetric":21,"maxMetric":6350,"clientTime":{"up":800765,"down":50028263,"del":0},"testDuration":102167,"dX":null,"dY":31.90954773869347,"dYMetric":31.90954773869347}