{"startTime":1572913037333,"endTime":1572913137421,"minLatency":1,"maxLatency":"200","minMetric":1,"maxMetric":"200","clientTime":{"up":768,"down":796864,"del":0},"testDuration":100088,"dX":null,"dY":1.0050251256281406,"dYMetric":1.0050251256281406}