{"startTime":1572914462626,"endTime":1572914555103,"minLatency":39,"maxLatency":7275,"minMetric":39,"maxMetric":7275,"clientTime":{"up":1164471,"down":949906,"del":43233588},"testDuration":92477,"dX":null,"dY":36.55778894472362,"dYMetric":36.55778894472362}