{"startTime":1572897405772,"endTime":1572897505797,"minLatency":7,"maxLatency":275,"minMetric":7,"maxMetric":275,"clientTime":{"up":373586,"down":422327,"del":0},"testDuration":100025,"dX":null,"dY":1.3819095477386936,"dYMetric":1.3819095477386936}