{"startTime":1572913765358,"endTime":1572913865999,"minLatency":11,"maxLatency":1292,"minMetric":11,"maxMetric":1292,"clientTime":{"up":3261566,"down":3128942,"del":0},"testDuration":100641,"dX":null,"dY":6.492462311557789,"dYMetric":6.492462311557789}