{"startTime":1572914363535,"endTime":1572914467797,"minLatency":1,"maxLatency":"7200","minMetric":1,"maxMetric":"7200","clientTime":{"up":24541005,"down":26738631,"del":0},"testDuration":104262,"dX":null,"dY":36.18090452261306,"dYMetric":36.18090452261306}