{"startTime":1572900323671,"endTime":1572900445006,"minLatency":1,"maxLatency":"32000","minMetric":1,"maxMetric":"32000","clientTime":{"up":44327809,"down":355992630,"del":0},"testDuration":121335,"dX":null,"dY":160.80402010050253,"dYMetric":160.80402010050253}