{"startTime":1572897305783,"endTime":1572897405799,"minLatency":1,"maxLatency":"100","minMetric":1,"maxMetric":"100","clientTime":{"up":200,"down":795763,"del":0},"testDuration":100016,"dX":null,"dY":0.5025125628140703,"dYMetric":0.5025125628140703}