{"startTime":1572913137301,"endTime":1572913237400,"minLatency":6,"maxLatency":246,"minMetric":6,"maxMetric":246,"clientTime":{"up":382222,"down":415654,"del":0},"testDuration":100099,"dX":null,"dY":1.236180904522613,"dYMetric":1.236180904522613}