{"startTime":1572909205250,"endTime":1572909511169,"minLatency":49,"maxLatency":42229,"minMetric":49,"maxMetric":42229,"clientTime":{"up":20641845,"down":43417579,"del":1050522010},"testDuration":305919,"dX":null,"dY":212.20603015075378,"dYMetric":212.20603015075378}