{"startTime":1572913665576,"endTime":1572913766059,"minLatency":1,"maxLatency":"1200","minMetric":1,"maxMetric":"1200","clientTime":{"up":30968,"down":6370371,"del":0},"testDuration":100483,"dX":null,"dY":6.030150753768845,"dYMetric":6.030150753768845}