{"startTime":1572897835582,"endTime":1572898135575,"minLatency":1,"maxLatency":"800","minMetric":1,"maxMetric":"800","clientTime":{"up":19172948,"down":0,"del":0},"testDuration":299993,"dX":null,"dY":4.0201005025125625,"dYMetric":4.0201005025125625}