{"startTime":1572898135316,"endTime":1572898235572,"minLatency":1,"maxLatency":"800","minMetric":1,"maxMetric":"800","clientTime":{"up":12059,"down":6378509,"del":0},"testDuration":100256,"dX":null,"dY":4.0201005025125625,"dYMetric":4.0201005025125625}