{"startTime":1572908157663,"endTime":1572908262939,"minLatency":21,"maxLatency":6350,"minMetric":21,"maxMetric":6350,"clientTime":{"up":20990344,"down":30467739,"del":0},"testDuration":105276,"dX":null,"dY":31.90954773869347,"dYMetric":31.90954773869347}