{"startTime":1572899688549,"endTime":1572899979565,"minLatency":1,"maxLatency":"6400","minMetric":1,"maxMetric":"6400","clientTime":{"up":295442,"down":539268,"del":145661388},"testDuration":291016,"dX":null,"dY":32.1608040201005,"dYMetric":32.1608040201005}