{"startTime":1572900045011,"endTime":1572900345007,"minLatency":34,"maxLatency":49403,"minMetric":34,"maxMetric":49403,"clientTime":{"up":1206935682,"down":0,"del":0},"testDuration":299996,"dX":null,"dY":248.25628140703517,"dYMetric":248.25628140703517}