{"startTime":1572909106707,"endTime":1572909239500,"minLatency":1,"maxLatency":"32000","minMetric":1,"maxMetric":"32000","clientTime":{"up":142660140,"down":269662461,"del":0},"testDuration":132793,"dX":null,"dY":160.80402010050253,"dYMetric":160.80402010050253}