{"startTime":1572897305783,"endTime":1572897405799,"minLatency":7,"maxLatency":275,"minMetric":7,"maxMetric":275,"clientTime":{"up":200,"down":795763,"del":0},"testDuration":100016,"dX":null,"dY":1.3819095477386936,"dYMetric":1.3819095477386936}