{"startTime":1572897405772,"endTime":1572897505797,"minLatency":1,"maxLatency":"100","minMetric":1,"maxMetric":"100","clientTime":{"up":373586,"down":422327,"del":0},"testDuration":100025,"dX":null,"dY":0.5025125628140703,"dYMetric":0.5025125628140703}