{"startTime":1572898235092,"endTime":1572898335582,"minLatency":1,"maxLatency":"800","minMetric":1,"maxMetric":"800","clientTime":{"up":3330382,"down":3065090,"del":0},"testDuration":100490,"dX":null,"dY":4.0201005025125625,"dYMetric":4.0201005025125625}