{"startTime":1572913967807,"endTime":1572914267741,"minLatency":1,"maxLatency":"7200","minMetric":1,"maxMetric":"7200","clientTime":{"up":152492901,"down":0,"del":0},"testDuration":299934,"dX":null,"dY":36.18090452261306,"dYMetric":36.18090452261306}