{"startTime":1572900045011,"endTime":1572900345007,"minLatency":1,"maxLatency":"32000","minMetric":1,"maxMetric":"32000","clientTime":{"up":1206935682,"down":0,"del":0},"testDuration":299996,"dX":null,"dY":160.80402010050253,"dYMetric":160.80402010050253}