{"startTime":1572897835582,"endTime":1572898135575,"minLatency":11,"maxLatency":873,"minMetric":11,"maxMetric":873,"clientTime":{"up":19172948,"down":0,"del":0},"testDuration":299993,"dX":null,"dY":4.386934673366834,"dYMetric":4.386934673366834}