{"startTime":1572917378708,"endTime":1572917677464,"minLatency":17,"maxLatency":25562,"minMetric":17,"maxMetric":25562,"clientTime":{"up":18757097,"down":0,"del":0},"testDuration":298756,"dX":null,"dY":128.45226130653268,"dYMetric":128.45226130653268}