{"startTime":1572908259568,"endTime":1572908535077,"minLatency":1,"maxLatency":"6400","minMetric":1,"maxMetric":"6400","clientTime":{"up":324165,"down":576732,"del":138213430},"testDuration":275509,"dX":null,"dY":32.1608040201005,"dYMetric":32.1608040201005}