{"startTime":1572914263866,"endTime":1572914367706,"minLatency":1,"maxLatency":"7200","minMetric":1,"maxMetric":"7200","clientTime":{"up":1867388,"down":49062392,"del":0},"testDuration":103840,"dX":null,"dY":36.18090452261306,"dYMetric":36.18090452261306}