{"startTime":1572899588417,"endTime":1572899692993,"minLatency":1,"maxLatency":"6400","minMetric":1,"maxMetric":"6400","clientTime":{"up":20588581,"down":30742742,"del":0},"testDuration":104576,"dX":null,"dY":32.1608040201005,"dYMetric":32.1608040201005}