{"startTime":1572909205250,"endTime":1572909511169,"minLatency":1,"maxLatency":"32000","minMetric":1,"maxMetric":"32000","clientTime":{"up":20641845,"down":43417579,"del":1050522010},"testDuration":305919,"dX":null,"dY":160.80402010050253,"dYMetric":160.80402010050253}