{"startTime":1572906166011,"endTime":1572906466010,"minLatency":7,"maxLatency":251,"minMetric":7,"maxMetric":251,"clientTime":{"up":2388651,"down":0,"del":0},"testDuration":299999,"dX":null,"dY":1.2613065326633166,"dYMetric":1.2613065326633166}