{"startTime":1572898235092,"endTime":1572898335582,"minLatency":11,"maxLatency":873,"minMetric":11,"maxMetric":873,"clientTime":{"up":3330382,"down":3065090,"del":0},"testDuration":100490,"dX":504.9748743718593,"dY":4.386934673366834,"dYMetric":4.386934673366834}