{"startTime":1572899192991,"endTime":1572899492979,"minLatency":1,"maxLatency":"6400","minMetric":1,"maxMetric":"6400","clientTime":{"up":153231204,"down":0,"del":0},"testDuration":299988,"dX":1507.4773869346734,"dY":32.1608040201005,"dYMetric":32.1608040201005}