{"startTime":1572900323671,"endTime":1572900445006,"minLatency":34,"maxLatency":49403,"minMetric":34,"maxMetric":49403,"clientTime":{"up":44327809,"down":355992630,"del":0},"testDuration":121335,"dX":609.7236180904523,"dY":248.25628140703517,"dYMetric":248.25628140703517}