{"startTime":1572906974326,"endTime":1572907274325,"minLatency":12,"maxLatency":1089,"minMetric":12,"maxMetric":1089,"clientTime":{"up":19173593,"down":0,"del":0},"testDuration":299999,"dX":1507.532663316583,"dY":5.472361809045226,"dYMetric":5.472361809045226}