{"startTime":1572912737423,"endTime":1572913037409,"minLatency":1,"maxLatency":"200","minMetric":1,"maxMetric":"200","clientTime":{"up":2393032,"down":0,"del":0},"testDuration":299986,"dX":1507.467336683417,"dY":1.0050251256281406,"dYMetric":1.0050251256281406}