{"startTime":1572917378708,"endTime":1572917677464,"minLatency":1,"maxLatency":"16000","minMetric":1,"maxMetric":"16000","clientTime":{"up":18757097,"down":0,"del":0},"testDuration":298756,"dX":1501.286432160804,"dY":80.40201005025126,"dYMetric":80.40201005025126}