{"startTime":1572899491155,"endTime":1572899592988,"minLatency":1,"maxLatency":"6400","minMetric":1,"maxMetric":"6400","clientTime":{"up":679636,"down":50247949,"del":0},"testDuration":101833,"dX":511.72361809045225,"dY":32.1608040201005,"dYMetric":32.1608040201005}