{"startTime":1572908259568,"endTime":1572908535077,"minLatency":21,"maxLatency":6350,"minMetric":21,"maxMetric":6350,"clientTime":{"up":324165,"down":576732,"del":138213430},"testDuration":275509,"dX":1384.467336683417,"dY":31.90954773869347,"dYMetric":31.90954773869347}