{"startTime":1572914363535,"endTime":1572914467797,"minLatency":39,"maxLatency":7275,"minMetric":39,"maxMetric":7275,"clientTime":{"up":24541005,"down":26738631,"del":0},"testDuration":104262,"dX":523.929648241206,"dY":36.55778894472362,"dYMetric":36.55778894472362}