{"startTime":1572900514615,"endTime":1572900843202,"minLatency":1,"maxLatency":"32000","minMetric":1,"maxMetric":"32000","clientTime":{"up":17179990,"down":36702320,"del":1162163114},"testDuration":328587,"dX":1651.1909547738694,"dY":160.80402010050253,"dYMetric":160.80402010050253}