{"startTime":1572899588417,"endTime":1572899692993,"minLatency":24,"maxLatency":7558,"minMetric":24,"maxMetric":7558,"clientTime":{"up":20588581,"down":30742742,"del":0},"testDuration":104576,"dX":525.5075376884422,"dY":37.97989949748744,"dYMetric":37.97989949748744}