{"startTime":1572917143943,"endTime":1572917153766,"minLatency":1,"maxLatency":"2000","minMetric":1,"maxMetric":"2000","clientTime":{"up":3785,"down":4677,"del":64310},"testDuration":9823,"dX":49.36180904522613,"dY":10.050251256281408,"dYMetric":10.050251256281408}