{"startTime":1572914462626,"endTime":1572914555103,"minLatency":1,"maxLatency":"7200","minMetric":1,"maxMetric":"7200","clientTime":{"up":1164471,"down":949906,"del":43233588},"testDuration":92477,"dX":464.70854271356785,"dY":36.18090452261306,"dYMetric":36.18090452261306}