{"startTime":1572912737423,"endTime":1572913037409,"minLatency":6,"maxLatency":246,"minMetric":6,"maxMetric":246,"clientTime":{"up":2393032,"down":0,"del":0},"testDuration":299986,"dX":1507.467336683417,"dY":1.236180904522613,"dYMetric":1.236180904522613}