{"startTime":1572917044042,"endTime":1572917144820,"minLatency":9,"maxLatency":1718,"minMetric":9,"maxMetric":1718,"clientTime":{"up":446803,"down":352508,"del":0},"testDuration":100778,"dX":506.4221105527638,"dY":8.633165829145728,"dYMetric":8.633165829145728}