{"startTime":1572913137301,"endTime":1572913237400,"minLatency":1,"maxLatency":"200","minMetric":1,"maxMetric":"200","clientTime":{"up":382222,"down":415654,"del":0},"testDuration":100099,"dX":503.0100502512563,"dY":1.0050251256281406,"dYMetric":1.0050251256281406}