{"startTime":1572913366048,"endTime":1572913666045,"minLatency":11,"maxLatency":1292,"minMetric":11,"maxMetric":1292,"clientTime":{"up":19168871,"down":0,"del":0},"testDuration":299997,"dX":1507.5226130653266,"dY":6.492462311557789,"dYMetric":6.492462311557789}