{"startTime":1572914263866,"endTime":1572914367706,"minLatency":39,"maxLatency":7275,"minMetric":39,"maxMetric":7275,"clientTime":{"up":1867388,"down":49062392,"del":0},"testDuration":103840,"dX":521.8090452261307,"dY":36.55778894472362,"dYMetric":36.55778894472362}