{"startTime":1572913967807,"endTime":1572914267741,"minLatency":39,"maxLatency":7275,"minMetric":39,"maxMetric":7275,"clientTime":{"up":152492901,"down":0,"del":0},"testDuration":299934,"dX":1507.2060301507538,"dY":36.55778894472362,"dYMetric":36.55778894472362}