{"startTime":1572900514615,"endTime":1572900843202,"minLatency":34,"maxLatency":49403,"minMetric":34,"maxMetric":49403,"clientTime":{"up":17179990,"down":36702320,"del":1162163114},"testDuration":328587,"dX":1651.1909547738694,"dY":248.25628140703517,"dYMetric":248.25628140703517}