{"startTime":1572917669982,"endTime":1572917776430,"minLatency":17,"maxLatency":25562,"minMetric":17,"maxMetric":25562,"clientTime":{"up":678679,"down":5700580,"del":0},"testDuration":106448,"dX":534.9145728643216,"dY":128.45226130653268,"dYMetric":128.45226130653268}