{"startTime":1572906665968,"endTime":1572906922259,"minLatency":7,"maxLatency":251,"minMetric":7,"maxMetric":251,"clientTime":{"up":234,"down":162,"del":2032880},"testDuration":256291,"dX":1287.894472361809,"dY":1.2613065326633166,"dYMetric":1.2613065326633166}