{"startTime":1572916943960,"endTime":1572917045018,"minLatency":9,"maxLatency":1718,"minMetric":9,"maxMetric":1718,"clientTime":{"up":9910,"down":789784,"del":0},"testDuration":101058,"dX":507.8291457286432,"dY":8.633165829145728,"dYMetric":8.633165829145728}