{"startTime":1572913865192,"endTime":1572913956405,"minLatency":1,"maxLatency":"1200","minMetric":1,"maxMetric":"1200","clientTime":{"up":17437,"down":22708,"del":5735978},"testDuration":91213,"dX":458.356783919598,"dY":6.030150753768845,"dYMetric":6.030150753768845}