{"startTime":1572906565957,"endTime":1572906666005,"minLatency":7,"maxLatency":251,"minMetric":7,"maxMetric":251,"clientTime":{"up":375596,"down":421100,"del":0},"testDuration":100048,"dX":502.7537688442211,"dY":1.2613065326633166,"dYMetric":1.2613065326633166}