{"startTime":1572917769975,"endTime":1572917888635,"minLatency":1,"maxLatency":"16000","minMetric":1,"maxMetric":"16000","clientTime":{"up":3047495,"down":3284329,"del":0},"testDuration":118660,"dX":596.2814070351759,"dY":80.40201005025126,"dYMetric":80.40201005025126}