{"startTime":1572899192991,"endTime":1572899492979,"minLatency":24,"maxLatency":7558,"minMetric":24,"maxMetric":7558,"clientTime":{"up":153231204,"down":0,"del":0},"testDuration":299988,"dX":1507.4773869346734,"dY":37.97989949748744,"dYMetric":37.97989949748744}