{"startTime":1572917044042,"endTime":1572917144820,"minLatency":1,"maxLatency":"2000","minMetric":1,"maxMetric":"2000","clientTime":{"up":446803,"down":352508,"del":0},"testDuration":100778,"dX":506.4221105527638,"dY":10.050251256281408,"dYMetric":10.050251256281408}