{"startTime":1572913366048,"endTime":1572913666045,"minLatency":1,"maxLatency":"1200","minMetric":1,"maxMetric":"1200","clientTime":{"up":19168871,"down":0,"del":0},"testDuration":299997,"dX":1507.5226130653266,"dY":6.030150753768845,"dYMetric":6.030150753768845}