{"startTime":1572916645033,"endTime":1572916944996,"minLatency":9,"maxLatency":1718,"minMetric":9,"maxMetric":1718,"clientTime":{"up":2394931,"down":0,"del":0},"testDuration":299963,"dX":1507.3517587939698,"dY":8.633165829145728,"dYMetric":8.633165829145728}