{"startTime":1572906665968,"endTime":1572906922259,"minLatency":1,"maxLatency":"100","minMetric":1,"maxMetric":"100","clientTime":{"up":234,"down":162,"del":2032880},"testDuration":256291,"dX":1287.894472361809,"dY":0.5025125628140703,"dYMetric":0.5025125628140703}