{"startTime":1572909106707,"endTime":1572909239500,"minLatency":49,"maxLatency":42229,"minMetric":49,"maxMetric":42229,"clientTime":{"up":142660140,"down":269662461,"del":0},"testDuration":132793,"dX":667.3015075376884,"dY":212.20603015075378,"dYMetric":212.20603015075378}