{"startTime":1572909015093,"endTime":1572909139494,"minLatency":49,"maxLatency":42229,"minMetric":49,"maxMetric":42229,"clientTime":{"up":51308460,"down":341871594,"del":0},"testDuration":124401,"dX":625.1306532663317,"dY":212.20603015075378,"dYMetric":212.20603015075378}