{"startTime":1572917869084,"endTime":1572917890693,"minLatency":17,"maxLatency":25562,"minMetric":17,"maxMetric":25562,"clientTime":{"up":288736,"down":309275,"del":273817},"testDuration":21609,"dX":108.58793969849246,"dY":128.45226130653268,"dYMetric":128.45226130653268}