{"startTime":1572908157663,"endTime":1572908262939,"minLatency":1,"maxLatency":"6400","minMetric":1,"maxMetric":"6400","clientTime":{"up":20990344,"down":30467739,"del":0},"testDuration":105276,"dX":529.0251256281407,"dY":32.1608040201005,"dYMetric":32.1608040201005}