{"startTime":1572913765358,"endTime":1572913865999,"minLatency":1,"maxLatency":"1200","minMetric":1,"maxMetric":"1200","clientTime":{"up":3261566,"down":3128942,"del":0},"testDuration":100641,"dX":505.73366834170855,"dY":6.030150753768845,"dYMetric":6.030150753768845}