{"startTime":1572917769975,"endTime":1572917888635,"minLatency":17,"maxLatency":25562,"minMetric":17,"maxMetric":25562,"clientTime":{"up":3047495,"down":3284329,"del":0},"testDuration":118660,"dX":596.2814070351759,"dY":128.45226130653268,"dYMetric":128.45226130653268}