{"startTime":1572913237356,"endTime":1572913351482,"minLatency":1,"maxLatency":"200","minMetric":1,"maxMetric":"200","clientTime":{"up":130,"down":495,"del":906145},"testDuration":114126,"dX":573.4974874371859,"dY":1.0050251256281406,"dYMetric":1.0050251256281406}