{"startTime":1572908739501,"endTime":1572909039499,"minLatency":49,"maxLatency":42229,"minMetric":49,"maxMetric":42229,"clientTime":{"up":1200319290,"down":0,"del":0},"testDuration":299998,"dX":1507.5276381909548,"dY":212.20603015075378,"dYMetric":212.20603015075378}