{"startTime":1572917669982,"endTime":1572917776430,"minLatency":1,"maxLatency":"16000","minMetric":1,"maxMetric":"16000","clientTime":{"up":678679,"down":5700580,"del":0},"testDuration":106448,"dX":534.9145728643216,"dY":80.40201005025126,"dYMetric":80.40201005025126}