{"startTime":1572908739501,"endTime":1572909039499,"minLatency":1,"maxLatency":"32000","minMetric":1,"maxMetric":"32000","clientTime":{"up":1200319290,"down":0,"del":0},"testDuration":299998,"dX":1507.5276381909548,"dY":160.80402010050253,"dYMetric":160.80402010050253}