{"startTime":1572897005803,"endTime":1572897305799,"minLatency":7,"maxLatency":275,"minMetric":7,"maxMetric":275,"clientTime":{"up":2386264,"down":0,"del":0},"testDuration":299996,"dX":1507.5175879396984,"dY":1.3819095477386936,"dYMetric":1.3819095477386936}