{"startTime":1572906565957,"endTime":1572906666005,"minLatency":1,"maxLatency":"100","minMetric":1,"maxMetric":"100","clientTime":{"up":375596,"down":421100,"del":0},"testDuration":100048,"dX":502.7537688442211,"dY":0.5025125628140703,"dYMetric":0.5025125628140703}