{"startTime":1572906465988,"endTime":1572906566009,"minLatency":1,"maxLatency":"100","minMetric":1,"maxMetric":"100","clientTime":{"up":281,"down":796384,"del":0},"testDuration":100021,"dX":502.6180904522613,"dY":0.5025125628140703,"dYMetric":0.5025125628140703}