{"startTime":1570650275485,"endTime":1570650559754,"minLatency":26,"maxLatency":1049,"testDuration":284269,"dX":1428.4874371859296,"dY":5.271356783919598}