{"startTime":1570649776216,"endTime":1570650076212,"minLatency":26,"maxLatency":1049,"testDuration":299996,"dX":1507.5175879396984,"dY":5.271356783919598}