{"startTime":1570650075790,"endTime":1570650176214,"minLatency":26,"maxLatency":1049,"testDuration":100424,"dX":504.643216080402,"dY":5.271356783919598}