{"startTime":1570650175547,"endTime":1570650276214,"minLatency":26,"maxLatency":1049,"testDuration":100667,"dX":505.8643216080402,"dY":5.271356783919598}