{"startTime":1570644108946,"endTime":1570644408941,"minLatency":63,"maxLatency":933,"testDuration":299995,"dX":1507.5125628140704,"dY":4.688442211055277}