{"startTime":1570646474675,"endTime":1570646774599,"minLatency":95,"maxLatency":6228,"testDuration":299924,"dX":1507.1557788944724,"dY":31.2964824120603}