{"startTime":1570646871117,"endTime":1570646974633,"minLatency":95,"maxLatency":6228,"testDuration":103516,"dX":520.1809045226131,"dY":31.2964824120603}