{"startTime":1570644408488,"endTime":1570644508930,"minLatency":63,"maxLatency":933,"testDuration":100442,"dX":504.73366834170855,"dY":4.688442211055277}