{"startTime":1570644608242,"endTime":1570644897598,"minLatency":63,"maxLatency":933,"testDuration":289356,"dX":1454.0502512562814,"dY":4.688442211055277}