{"startTime":1570646970542,"endTime":1570647005668,"minLatency":95,"maxLatency":6228,"testDuration":35126,"dX":176.51256281407035,"dY":554655.382174028}