{"startTime":1570645724547,"endTime":1570645725459,"minLatency":35,"maxLatency":721,"testDuration":912,"dX":4.582914572864322,"dY":3.6231155778894473}