{"startTime":1570645425084,"endTime":1570645725060,"minLatency":35,"maxLatency":721,"testDuration":299976,"dX":1507.4170854271356,"dY":3.6231155778894473}