{"startTime":1570644508235,"endTime":1570644608937,"minLatency":63,"maxLatency":933,"testDuration":100702,"dX":506.04020100502515,"dY":4.688442211055277}