{"startTime":1570646768888,"endTime":1570646874622,"minLatency":95,"maxLatency":6228,"testDuration":105734,"dX":531.3266331658291,"dY":31.2964824120603}