{"startTime":1570742027655,"endTime":1570742127769,"minLatency":6,"maxLatency":382,"testDuration":100114,"dX":503.0854271356784,"dY":1.9195979899497488}