{"startTime":1570741727771,"endTime":1570742027767,"minLatency":6,"maxLatency":382,"testDuration":299996,"dX":1507.5175879396984,"dY":1.9195979899497488}