{"startTime":1570742227637,"endTime":1570742510380,"minLatency":6,"maxLatency":382,"testDuration":282743,"dX":1420.819095477387,"dY":1.9195979899497488}