{"startTime":1570742127585,"endTime":1570742227762,"minLatency":6,"maxLatency":382,"testDuration":100177,"dX":503.40201005025125,"dY":1.9195979899497488}