{"startTime":1573004887299,"endTime":1573004987310,"minLatency":1,"maxLatency":"100","minMetric":1,"maxMetric":"100","clientTime":{"up":133,"down":792014,"del":0},"testDuration":100011,"dX":null,"dY":0.5025125628140703,"dYMetric":0.5025125628140703}