{"startTime":1573004987296,"endTime":1573005087312,"minLatency":1,"maxLatency":"100","minMetric":1,"maxMetric":"100","clientTime":{"up":433587,"down":359116,"del":0},"testDuration":100016,"dX":null,"dY":0.5025125628140703,"dYMetric":0.5025125628140703}