{"startTime":1573004587311,"endTime":1573004887306,"minLatency":1,"maxLatency":"100","minMetric":1,"maxMetric":"100","clientTime":{"up":2379657,"down":0,"del":0},"testDuration":299995,"dX":null,"dY":0.5025125628140703,"dYMetric":0.5025125628140703}