{"startTime":1573005087302,"endTime":1573005373451,"minLatency":1,"maxLatency":"100","minMetric":1,"maxMetric":"100","clientTime":{"up":83,"down":24,"del":2262350},"testDuration":286149,"dX":1437.9346733668342,"dY":0.5025125628140703,"dYMetric":0.5025125628140703}