{"startTime":1573082529113,"endTime":1573082814408,"minLatency":1,"maxLatency":"100","minMetric":1,"maxMetric":"100","clientTime":{"up":76,"down":63,"del":2256809},"testDuration":285295,"dX":null,"dY":0.5025125628140703,"dYMetric":0.5025125628140703}