{"startTime":1573082029125,"endTime":1573082329123,"minLatency":1,"maxLatency":"100","minMetric":1,"maxMetric":"100","clientTime":{"up":2379629,"down":0,"del":0},"testDuration":299998,"dX":null,"dY":0.5025125628140703,"dYMetric":0.5025125628140703}