{"startTime":1573082329116,"endTime":1573082429122,"minLatency":1,"maxLatency":"100","minMetric":1,"maxMetric":"100","clientTime":{"up":112,"down":792229,"del":0},"testDuration":100006,"dX":null,"dY":0.5025125628140703,"dYMetric":0.5025125628140703}