{"startTime":1573082429110,"endTime":1573082529123,"minLatency":1,"maxLatency":"100","minMetric":1,"maxMetric":"100","clientTime":{"up":432436,"down":360457,"del":0},"testDuration":100013,"dX":502.5778894472362,"dY":0.5025125628140703,"dYMetric":0.5025125628140703}