{"startTime":1573167777595,"endTime":1573167877676,"minLatency":1,"maxLatency":"200","minMetric":1,"maxMetric":"200","clientTime":{"up":659,"down":795683,"del":0},"testDuration":100081,"dX":null,"dY":1.0050251256281406,"dYMetric":1.0050251256281406}