{"startTime":1573176171687,"endTime":1573176271695,"minLatency":1,"maxLatency":"100","minMetric":1,"maxMetric":"100","clientTime":{"up":571096,"down":221587,"del":0},"testDuration":100008,"dX":null,"dY":0.5025125628140703,"dYMetric":0.5025125628140703}