{"startTime":1573173365728,"endTime":1573173478310,"minLatency":1,"maxLatency":"32000","minMetric":1,"maxMetric":"32000","clientTime":{"up":233416785,"down":172346280,"del":0},"testDuration":112582,"dX":null,"dY":160.80402010050253,"dYMetric":160.80402010050253}