{"startTime":1573176271683,"endTime":1573176550862,"minLatency":1,"maxLatency":"100","minMetric":1,"maxMetric":"100","clientTime":{"up":93,"down":11,"del":2212719},"testDuration":279179,"dX":null,"dY":0.5025125628140703,"dYMetric":0.5025125628140703}