{"startTime":1573165496613,"endTime":1573165796521,"minLatency":1,"maxLatency":"2000","minMetric":1,"maxMetric":"2000","clientTime":{"up":2394329,"down":0,"del":0},"testDuration":299908,"dX":null,"dY":10.050251256281408,"dYMetric":10.050251256281408}