{"startTime":1573167172482,"endTime":1573167230168,"minLatency":1,"maxLatency":"1200","minMetric":1,"maxMetric":"1200","clientTime":{"up":19311,"down":9034,"del":3627743},"testDuration":57686,"dX":null,"dY":6.030150753768845,"dYMetric":6.030150753768845}