{"startTime":1573173263285,"endTime":1573173378311,"minLatency":1,"maxLatency":"32000","minMetric":1,"maxMetric":"32000","clientTime":{"up":33665483,"down":382339654,"del":0},"testDuration":115026,"dX":null,"dY":160.80402010050253,"dYMetric":160.80402010050253}