{"startTime":1573170402162,"endTime":1573170502235,"minLatency":1,"maxLatency":"800","minMetric":1,"maxMetric":"800","clientTime":{"up":4391380,"down":1997131,"del":0},"testDuration":100073,"dX":null,"dY":4.0201005025125625,"dYMetric":4.0201005025125625}