{"startTime":1573166472060,"endTime":1573166575427,"minLatency":1,"maxLatency":"7200","minMetric":1,"maxMetric":"7200","clientTime":{"up":25725397,"down":25444130,"del":0},"testDuration":103367,"dX":null,"dY":36.18090452261306,"dYMetric":36.18090452261306}