{"startTime":1573164974530,"endTime":1573165275639,"minLatency":1,"maxLatency":"16000","minMetric":1,"maxMetric":"16000","clientTime":{"up":18931191,"down":0,"del":0},"testDuration":301109,"dX":null,"dY":80.40201005025126,"dYMetric":80.40201005025126}