{"startTime":1573167072447,"endTime":1573167172993,"minLatency":1,"maxLatency":"1200","minMetric":1,"maxMetric":"1200","clientTime":{"up":3445359,"down":2950666,"del":0},"testDuration":100546,"dX":null,"dY":6.030150753768845,"dYMetric":6.030150753768845}