{"startTime":1573174472342,"endTime":1573174761707,"minLatency":1,"maxLatency":"6400","minMetric":1,"maxMetric":"6400","clientTime":{"up":251634,"down":131304,"del":146531591},"testDuration":289365,"dX":null,"dY":32.1608040201005,"dYMetric":32.1608040201005}