{"startTime":1573168462035,"endTime":1573168762035,"minLatency":1,"maxLatency":"32000","minMetric":1,"maxMetric":"32000","clientTime":{"up":1210255123,"down":0,"del":0},"testDuration":300000,"dX":null,"dY":160.80402010050253,"dYMetric":160.80402010050253}