{"startTime":1573168856481,"endTime":1573168962032,"minLatency":1,"maxLatency":"32000","minMetric":1,"maxMetric":"32000","clientTime":{"up":225529793,"down":176513695,"del":0},"testDuration":105551,"dX":null,"dY":160.80402010050253,"dYMetric":160.80402010050253}