{"startTime":1573165365639,"endTime":1573165475549,"minLatency":1,"maxLatency":"16000","minMetric":1,"maxMetric":"16000","clientTime":{"up":3005850,"down":3277452,"del":0},"testDuration":109910,"dX":null,"dY":80.40201005025126,"dYMetric":80.40201005025126}