{"startTime":1573169732934,"endTime":1573169984805,"minLatency":1,"maxLatency":"6400","minMetric":1,"maxMetric":"6400","clientTime":{"up":290514,"down":119225,"del":127514191},"testDuration":251871,"dX":null,"dY":32.1608040201005,"dYMetric":32.1608040201005}