{"startTime":1573166571699,"endTime":1573166635752,"minLatency":1,"maxLatency":"7200","minMetric":1,"maxMetric":"7200","clientTime":{"up":963834,"down":853160,"del":29703938},"testDuration":64053,"dX":null,"dY":36.18090452261306,"dYMetric":36.18090452261306}