{"startTime":1573166075454,"endTime":1573166375450,"minLatency":1,"maxLatency":"7200","minMetric":1,"maxMetric":"7200","clientTime":{"up":152699637,"down":0,"del":0},"testDuration":299996,"dX":null,"dY":36.18090452261306,"dYMetric":36.18090452261306}