{"startTime":1573169633733,"endTime":1573169734495,"minLatency":1,"maxLatency":"6400","minMetric":1,"maxMetric":"6400","clientTime":{"up":30383695,"down":20740163,"del":0},"testDuration":100762,"dX":null,"dY":32.1608040201005,"dYMetric":32.1608040201005}