{"startTime":1573168942020,"endTime":1573169210778,"minLatency":1,"maxLatency":"32000","minMetric":1,"maxMetric":"32000","clientTime":{"up":19329365,"down":9474243,"del":984394414},"testDuration":268758,"dX":null,"dY":160.80402010050253,"dYMetric":160.80402010050253}