{"startTime":1573175234809,"endTime":1573175334911,"minLatency":1,"maxLatency":"800","minMetric":1,"maxMetric":"800","clientTime":{"up":4574474,"down":1814065,"del":0},"testDuration":100102,"dX":null,"dY":4.0201005025125625,"dYMetric":4.0201005025125625}