{"startTime":1573175771696,"endTime":1573176071695,"minLatency":1,"maxLatency":"100","minMetric":1,"maxMetric":"100","clientTime":{"up":2379603,"down":0,"del":0},"testDuration":299999,"dX":null,"dY":0.5025125628140703,"dYMetric":0.5025125628140703}