{"startTime":1573174272273,"endTime":1573174374312,"minLatency":1,"maxLatency":"6400","minMetric":1,"maxMetric":"6400","clientTime":{"up":563988,"down":50624149,"del":0},"testDuration":102039,"dX":null,"dY":32.1608040201005,"dYMetric":32.1608040201005}