{"startTime":1573170502032,"endTime":1573170748737,"minLatency":1,"maxLatency":"800","minMetric":1,"maxMetric":"800","clientTime":{"up":5707,"down":982,"del":15693245},"testDuration":246705,"dX":1239.7236180904522,"dY":4.0201005025125625,"dYMetric":4.0201005025125625}