{"startTime":1573167477659,"endTime":1573167777654,"minLatency":1,"maxLatency":"200","minMetric":1,"maxMetric":"200","clientTime":{"up":2392096,"down":0,"del":0},"testDuration":299995,"dX":1507.5125628140704,"dY":1.0050251256281406,"dYMetric":1.0050251256281406}