{"startTime":1573165896353,"endTime":1573165996804,"minLatency":1,"maxLatency":"2000","minMetric":1,"maxMetric":"2000","clientTime":{"up":404287,"down":392370,"del":0},"testDuration":100451,"dX":504.7788944723618,"dY":10.050251256281408,"dYMetric":10.050251256281408}