{"startTime":1573175334702,"endTime":1573175623826,"minLatency":1,"maxLatency":"800","minMetric":1,"maxMetric":"800","clientTime":{"up":4678,"down":1146,"del":18420809},"testDuration":289124,"dX":1452.8844221105528,"dY":4.0201005025125625,"dYMetric":4.0201005025125625}