{"startTime":1573165995451,"endTime":1573166004576,"minLatency":1,"maxLatency":"2000","minMetric":1,"maxMetric":"2000","clientTime":{"up":4706,"down":4140,"del":56016},"testDuration":9125,"dX":45.85427135678392,"dY":10.050251256281408,"dYMetric":10.050251256281408}