{"startTime":1573169532792,"endTime":1573169634503,"minLatency":1,"maxLatency":"6400","minMetric":1,"maxMetric":"6400","clientTime":{"up":506419,"down":50739483,"del":0},"testDuration":101711,"dX":511.1105527638191,"dY":32.1608040201005,"dYMetric":32.1608040201005}