{"startTime":1573167977587,"endTime":1573168057274,"minLatency":1,"maxLatency":"200","minMetric":1,"maxMetric":"200","clientTime":{"up":314,"down":257,"del":629804},"testDuration":79687,"dX":400.43718592964825,"dY":1.0050251256281406,"dYMetric":1.0050251256281406}