{"startTime":1573170302012,"endTime":1573170402235,"minLatency":1,"maxLatency":"800","minMetric":1,"maxMetric":"800","clientTime":{"up":9218,"down":6377552,"del":0},"testDuration":100223,"dX":503.63316582914575,"dY":4.0201005025125625,"dYMetric":4.0201005025125625}