{"startTime":1573174834913,"endTime":1573175134910,"minLatency":1,"maxLatency":"800","minMetric":1,"maxMetric":"800","clientTime":{"up":19165340,"down":0,"del":0},"testDuration":299997,"dX":1507.5226130653266,"dY":4.0201005025125625,"dYMetric":4.0201005025125625}