{"startTime":1573173465777,"endTime":1573173768510,"minLatency":1,"maxLatency":"32000","minMetric":1,"maxMetric":"32000","clientTime":{"up":14372829,"down":7086356,"del":1158099284},"testDuration":302733,"dX":1521.2713567839196,"dY":160.80402010050253,"dYMetric":160.80402010050253}