{"startTime":1573167877616,"endTime":1573167977648,"minLatency":1,"maxLatency":"200","minMetric":1,"maxMetric":"200","clientTime":{"up":472820,"down":324352,"del":0},"testDuration":100032,"dX":502.67336683417085,"dY":1.0050251256281406,"dYMetric":1.0050251256281406}