{"startTime":1573174372815,"endTime":1573174474310,"minLatency":1,"maxLatency":"6400","minMetric":1,"maxMetric":"6400","clientTime":{"up":31349625,"down":19819581,"del":0},"testDuration":101495,"dX":510.0251256281407,"dY":32.1608040201005,"dYMetric":32.1608040201005}