{"startTime":1573166673008,"endTime":1573166973017,"minLatency":1,"maxLatency":"1200","minMetric":1,"maxMetric":"1200","clientTime":{"up":19175077,"down":0,"del":0},"testDuration":300009,"dX":1507.5829145728644,"dY":6.030150753768845,"dYMetric":6.030150753768845}