{"startTime":1573172655893,"endTime":1573172892118,"minLatency":1,"maxLatency":"100","minMetric":1,"maxMetric":"100","clientTime":{"up":73,"down":57,"del":1868465},"testDuration":236225,"dX":1187.0603015075376,"dY":0.5025125628140703,"dYMetric":0.5025125628140703}