{"startTime":1573175134735,"endTime":1573175234915,"minLatency":1,"maxLatency":"800","minMetric":1,"maxMetric":"800","clientTime":{"up":7290,"down":6379105,"del":0},"testDuration":100180,"dX":503.4170854271357,"dY":4.0201005025125625,"dYMetric":4.0201005025125625}