{"startTime":1573165265945,"endTime":1573165374649,"minLatency":1,"maxLatency":"16000","minMetric":1,"maxMetric":"16000","clientTime":{"up":608041,"down":5776738,"del":0},"testDuration":108704,"dX":546.251256281407,"dY":80.40201005025126,"dYMetric":80.40201005025126}