{"startTime":1573168742394,"endTime":1573168862208,"minLatency":1,"maxLatency":"32000","minMetric":1,"maxMetric":"32000","clientTime":{"up":38372346,"down":379947005,"del":0},"testDuration":119814,"dX":602.0804020100503,"dY":160.80402010050253,"dYMetric":160.80402010050253}