{"startTime":1573176071680,"endTime":1573176171696,"minLatency":1,"maxLatency":"100","minMetric":1,"maxMetric":"100","clientTime":{"up":136,"down":788895,"del":0},"testDuration":100016,"dX":502.5929648241206,"dY":0.5025125628140703,"dYMetric":0.5025125628140703}