{"startTime":1573166371978,"endTime":1573166475365,"minLatency":1,"maxLatency":"7200","minMetric":1,"maxMetric":"7200","clientTime":{"up":1430279,"down":49619682,"del":0},"testDuration":103387,"dX":519.5326633165829,"dY":36.18090452261306,"dYMetric":36.18090452261306}