{"startTime":1573173974307,"endTime":1573174274309,"minLatency":1,"maxLatency":"6400","minMetric":1,"maxMetric":"6400","clientTime":{"up":153344267,"down":0,"del":0},"testDuration":300002,"dX":1507.5477386934674,"dY":32.1608040201005,"dYMetric":32.1608040201005}