{"startTime":1573166972603,"endTime":1573167073028,"minLatency":1,"maxLatency":"1200","minMetric":1,"maxMetric":"1200","clientTime":{"up":28046,"down":6359719,"del":0},"testDuration":100425,"dX":504.64824120603015,"dY":6.030150753768845,"dYMetric":6.030150753768845}