{"startTime":1573170002235,"endTime":1573170302227,"minLatency":1,"maxLatency":"800","minMetric":1,"maxMetric":"800","clientTime":{"up":19161709,"down":0,"del":0},"testDuration":299992,"dX":1507.497487437186,"dY":4.0201005025125625,"dYMetric":4.0201005025125625}