{"startTime":1573172155915,"endTime":1573172455914,"minLatency":1,"maxLatency":"100","minMetric":1,"maxMetric":"100","clientTime":{"up":2382851,"down":0,"del":0},"testDuration":299999,"dX":1507.532663316583,"dY":0.5025125628140703,"dYMetric":0.5025125628140703}