{"startTime":1573165463586,"endTime":1573165484506,"minLatency":1,"maxLatency":"16000","minMetric":1,"maxMetric":"16000","clientTime":{"up":325159,"down":177167,"del":173095},"testDuration":20920,"dX":105.12562814070351,"dY":80.40201005025126,"dYMetric":80.40201005025126}