{"startTime":1573165795623,"endTime":1573165896692,"minLatency":1,"maxLatency":"2000","minMetric":1,"maxMetric":"2000","clientTime":{"up":9577,"down":794264,"del":0},"testDuration":101069,"dX":507.88442211055275,"dY":10.050251256281408,"dYMetric":10.050251256281408}