{"startTime":1573172455895,"endTime":1573172555914,"minLatency":1,"maxLatency":"100","minMetric":1,"maxMetric":"100","clientTime":{"up":211,"down":791539,"del":0},"testDuration":100019,"dX":502.60804020100505,"dY":0.5025125628140703,"dYMetric":0.5025125628140703}