{"startTime":1573172555903,"endTime":1573172655915,"minLatency":1,"maxLatency":"100","minMetric":1,"maxMetric":"100","clientTime":{"up":543769,"down":250268,"del":0},"testDuration":100012,"dX":502.57286432160805,"dY":0.5025125628140703,"dYMetric":0.5025125628140703}