{"startTime":1570753294326,"endTime":1570753358809,"minLatency":28,"maxLatency":44733,"minMetric":28,"maxMetric":44733,"clientTime":74377396,"testDuration":64483,"dX":null,"dY":224.7889447236181,"dYMetric":224.7889447236181}