{"startTime":1570752008672,"endTime":1570752029945,"minLatency":11,"maxLatency":3919,"minMetric":11,"maxMetric":3919,"clientTime":{"up":10338,"down":3010,"del":318219},"testDuration":21273,"dX":null,"dY":19.693467336683415,"dYMetric":19.693467336683415}