{"startTime":1570748095152,"endTime":1570748199062,"minLatency":30,"maxLatency":9586,"minMetric":30,"maxMetric":9586,"testDuration":103910,"dX":null,"dY":48.17085427135678,"dYMetric":48.17085427135678}