{"startTime":1570751808696,"endTime":1570751909463,"minLatency":11,"maxLatency":3919,"minMetric":11,"maxMetric":3919,"clientTime":1600671,"testDuration":100767,"dX":null,"dY":19.693467336683415,"dYMetric":19.693467336683415}