{"startTime":1570750704790,"endTime":1570750785804,"minLatency":30,"maxLatency":95837,"minMetric":30,"maxMetric":95837,"clientTime":14966061,"testDuration":81014,"dX":null,"dY":481.5929648241206,"dYMetric":481.5929648241206}