{"startTime":1570747059612,"endTime":1570747159722,"minLatency":9,"maxLatency":295,"minMetric":9,"maxMetric":295,"clientTime":{"down":null,"up":null},"testDuration":100110,"dX":null,"dY":1.4824120603015076,"dYMetric":1.4824120603015076}