{"startTime":1570753023414,"endTime":1570753323411,"minLatency":28,"maxLatency":44733,"minMetric":28,"maxMetric":44733,"clientTime":1464583822,"testDuration":299997,"dX":null,"dY":224.7889447236181,"dYMetric":224.7889447236181}