{"startTime":1570747059612,"endTime":1570747159722,"minLatency":9,"maxLatency":295,"minMetric":9,"maxMetric":295,"clientTime":{"up":875030,"down":715954,"del":0},"testDuration":100110,"dX":null,"dY":1.4824120603015076,"dYMetric":1.4824120603015076}