{"startTime":1570753488745,"endTime":1570753821837,"minLatency":28,"maxLatency":44733,"minMetric":28,"maxMetric":44733,"testDuration":333092,"dX":null,"dY":224.7889447236181,"dYMetric":224.7889447236181}