{"startTime":1570751908604,"endTime":1570752009357,"minLatency":11,"maxLatency":3919,"minMetric":11,"maxMetric":3919,"clientTime":{"up":853993,"down":743838,"del":0},"testDuration":100753,"dX":null,"dY":19.693467336683415,"dYMetric":19.693467336683415}