{"startTime":1570746659724,"endTime":1570746959705,"minLatency":9,"maxLatency":295,"minMetric":3555.5555555555557,"maxMetric":108.47457627118644,"clientTime":{"up":4774270,"down":0,"del":0},"testDuration":299981,"dX":null,"dY":1.4824120603015076,"dYMetric":3555.5555555555557}