{"startTime":1570753488745,"endTime":1570753821837,"minLatency":28,"maxLatency":44733,"minMetric":35.714285714285715,"maxMetric":0.022354861064538482,"clientTime":{"up":29073217,"down":0,"del":1394168306},"testDuration":333092,"dX":null,"dY":224.7889447236181,"dYMetric":35.714285714285715}