{"startTime":1570750537091,"endTime":1570750666633,"minLatency":30,"maxLatency":95837,"minMetric":30,"maxMetric":95837,"clientTime":48566137,"testDuration":129542,"dX":null,"dY":481.5929648241206,"dYMetric":481.5929648241206}