{"startTime":1570753023414,"endTime":1570753323411,"minLatency":28,"maxLatency":44733,"minMetric":35.714285714285715,"maxMetric":0.022354861064538482,"clientTime":{"up":1464583822,"down":0,"del":0},"testDuration":299997,"dX":null,"dY":224.7889447236181,"dYMetric":35.714285714285715}