{"startTime":1570750603383,"endTime":1570750764465,"minLatency":30,"maxLatency":95837,"minMetric":30,"maxMetric":95837,"clientTime":49576917,"testDuration":161082,"dX":null,"dY":481.5929648241206,"dYMetric":481.5929648241206}