{"startTime":1570750603383,"endTime":1570750764465,"minLatency":30,"maxLatency":95837,"minMetric":349525333.3333333,"maxMetric":109412.43987186578,"clientTime":{"up":13978771,"down":35598146,"del":0},"testDuration":161082,"dX":809.4572864321608,"dY":481.5929648241206,"dYMetric":349525333.3333333}