{"startTime":1570750537091,"endTime":1570750666633,"minLatency":30,"maxLatency":95837,"testDuration":129542,"dX":650.964824120603,"dY":481.5929648241206}