{"startTime":1570750264006,"endTime":1570750563925,"minLatency":30,"maxLatency":95837,"minMetric":349525333.3333333,"maxMetric":109412.43987186578,"clientTime":{"up":136684947,"down":0,"del":0},"testDuration":299919,"dX":1507.1306532663316,"dY":481.5929648241206,"dYMetric":349525333.3333333}