{"startTime":1570746659724,"endTime":1570746959705,"minLatency":9,"maxLatency":295,"testDuration":299981,"dX":1507.4422110552764,"dY":1.4824120603015076}