{"startTime":1570747159672,"endTime":1570747423665,"minLatency":9,"maxLatency":295,"minMetric":3555.5555555555557,"maxMetric":108.47457627118644,"clientTime":{"up":594,"down":415,"del":4203783},"testDuration":263993,"dX":1326.5979899497488,"dY":1.4824120603015076,"dYMetric":3555.5555555555557}