{"startTime":1570746959669,"endTime":1570747059722,"minLatency":9,"maxLatency":295,"minMetric":9,"maxMetric":295,"clientTime":{"up":1232,"down":1580789,"del":0},"testDuration":100053,"dX":502.7788944723618,"dY":1.4824120603015076,"dYMetric":1.4824120603015076}