{"startTime":1570751808696,"endTime":1570751909463,"minLatency":11,"maxLatency":3919,"minMetric":953250909.0909091,"maxMetric":2675621.331972442,"clientTime":{"up":12020,"down":1588651,"del":0},"testDuration":100767,"dX":506.36683417085425,"dY":19.693467336683415,"dYMetric":953250909.0909091}