{"startTime":1570748194435,"endTime":1570748299068,"minLatency":30,"maxLatency":9586,"testDuration":104633,"dX":525.7939698492462,"dY":48.17085427135678}