{"startTime":1570747059612,"endTime":1570747159722,"minLatency":9,"maxLatency":295,"minMetric":3555.5555555555557,"maxMetric":108.47457627118644,"clientTime":{"up":875030,"down":715954,"del":0},"testDuration":100110,"dX":503.06532663316585,"dY":1.4824120603015076,"dYMetric":3555.5555555555557}