{"startTime":1570751509399,"endTime":1570751809269,"minLatency":11,"maxLatency":3919,"minMetric":11,"maxMetric":3919,"testDuration":299870,"dX":1506.8844221105528,"dY":19.693467336683415,"dYMetric":19.693467336683415}