{"startTime":1570748194435,"endTime":1570748299068,"minLatency":30,"maxLatency":9586,"minMetric":1066.6666666666667,"maxMetric":3.338201543918214,"clientTime":{"up":21148711,"down":30120268,"del":0},"testDuration":104633,"dX":525.7939698492462,"dY":48.17085427135678,"dYMetric":1066.6666666666667}