{"startTime":1570747799068,"endTime":1570748099064,"minLatency":30,"maxLatency":9586,"minMetric":30,"maxMetric":9586,"clientTime":{"up":153195907,"down":0,"del":0},"testDuration":299996,"dX":1507.5175879396984,"dY":48.17085427135678,"dYMetric":48.17085427135678}