{"startTime":1570751908604,"endTime":1570752009357,"minLatency":11,"maxLatency":3919,"minMetric":11,"maxMetric":3919,"clientTime":{"down":null,"up":null},"testDuration":100753,"dX":506.2964824120603,"dY":19.693467336683415,"dYMetric":19.693467336683415}