{"startTime":1570747159672,"endTime":1570747423665,"minLatency":9,"maxLatency":295,"testDuration":263993,"dX":1326.5979899497488,"dY":1.4824120603015076}