{"startTime":1570750264006,"endTime":1570750563925,"minLatency":30,"maxLatency":95837,"minMetric":30,"maxMetric":95837,"clientTime":{"up":136684947,"down":0,"del":0},"testDuration":299919,"dX":1507.1306532663316,"dY":481.5929648241206,"dYMetric":481.5929648241206}