{"startTime":1570753488745,"endTime":1570753821837,"minLatency":28,"maxLatency":44733,"testDuration":333092,"dX":1673.8291457286432,"dY":224.7889447236181}