{"startTime":1570750603383,"endTime":1570750764465,"minLatency":30,"maxLatency":95837,"testDuration":161082,"dX":809.4572864321608,"dY":481.5929648241206}