{"startTime":1570748095152,"endTime":1570748199062,"minLatency":30,"maxLatency":9586,"testDuration":103910,"dX":522.1608040201005,"dY":48.17085427135678}