{"startTime":1570751509399,"endTime":1570751809269,"minLatency":11,"maxLatency":3919,"minMetric":953250909.0909091,"maxMetric":2675621.331972442,"clientTime":{"up":4791556,"down":0,"del":0},"testDuration":299870,"dX":1506.8844221105528,"dY":19.693467336683415,"dYMetric":953250909.0909091}