{"startTime":1570753294326,"endTime":1570753358809,"minLatency":28,"maxLatency":44733,"minMetric":28,"maxMetric":44733,"clientTime":{"up":74377396,"down":0,"del":0},"testDuration":64483,"dX":324.035175879397,"dY":224.7889447236181,"dYMetric":224.7889447236181}