{"startTime":1570748095152,"endTime":1570748199062,"minLatency":30,"maxLatency":9586,"minMetric":30,"maxMetric":9586,"clientTime":{"up":767173,"down":50200839,"del":0},"testDuration":103910,"dX":522.1608040201005,"dY":48.17085427135678,"dYMetric":48.17085427135678}