{"startTime":1570746959669,"endTime":1570747059722,"minLatency":9,"maxLatency":295,"testDuration":100053,"dX":502.7788944723618,"dY":1.4824120603015076}