{"startTime":1570750537091,"endTime":1570750666633,"minLatency":30,"maxLatency":95837,"minMetric":30,"maxMetric":95837,"clientTime":{"up":11483785,"down":37082352,"del":0},"testDuration":129542,"dX":650.964824120603,"dY":481.5929648241206,"dYMetric":481.5929648241206}