{"startTime":1570753423416,"endTime":1570753523413,"minLatency":28,"maxLatency":44733,"minMetric":28,"maxMetric":44733,"clientTime":{"up":165818705,"down":0,"del":0},"testDuration":99997,"dX":502.49748743718595,"dY":224.7889447236181,"dYMetric":224.7889447236181}