{"startTime":1570752008672,"endTime":1570752029945,"minLatency":11,"maxLatency":3919,"minMetric":953250909.0909091,"maxMetric":2675621.331972442,"clientTime":{"up":10338,"down":3010,"del":318219},"testDuration":21273,"dX":106.89949748743719,"dY":19.693467336683415,"dYMetric":953250909.0909091}