{"startTime":1570753023414,"endTime":1570753323411,"minLatency":28,"maxLatency":44733,"minMetric":28,"maxMetric":44733,"clientTime":{"up":null},"testDuration":299997,"dX":1507.5226130653266,"dY":224.7889447236181,"dYMetric":224.7889447236181}