{"startTime":1570648360440,"endTime":1570648660431,"minLatency":77,"maxLatency":986,"testDuration":299991,"dX":1507.4924623115578,"dY":4.954773869346734}