{"startTime":1570648859748,"endTime":1570649145380,"minLatency":77,"maxLatency":986,"testDuration":285632,"dX":1435.3366834170854,"dY":4.954773869346734}