{"startTime":1570648659970,"endTime":1570648760375,"minLatency":77,"maxLatency":986,"testDuration":100405,"dX":504.54773869346735,"dY":4.954773869346734}