{"startTime":1573083828836,"endTime":1573084113495,"minLatency":1,"maxLatency":"100","minMetric":1,"maxMetric":"100","clientTime":{"up":57,"down":59,"del":2254606},"testDuration":284659,"dX":null,"dY":0.5025125628140703,"dYMetric":0.5025125628140703}