{"startTime":1573083628835,"endTime":1573083728845,"minLatency":1,"maxLatency":"100","minMetric":1,"maxMetric":"100","clientTime":{"up":112,"down":792160,"del":0},"testDuration":100010,"dX":null,"dY":0.5025125628140703,"dYMetric":0.5025125628140703}