{"startTime":1573083328848,"endTime":1573083628844,"minLatency":1,"maxLatency":"100","minMetric":1,"maxMetric":"100","clientTime":{"up":2379073,"down":0,"del":0},"testDuration":299996,"dX":null,"dY":0.5025125628140703,"dYMetric":0.5025125628140703}