{"startTime":1573083728835,"endTime":1573083828847,"minLatency":1,"maxLatency":"100","minMetric":1,"maxMetric":"100","clientTime":{"up":432460,"down":360476,"del":0},"testDuration":100012,"dX":502.57286432160805,"dY":0.5025125628140703,"dYMetric":0.5025125628140703}