{"startTime":1572992100611,"endTime":1572992221052,"minLatency":19,"maxLatency":29428,"minMetric":19,"maxMetric":29428,"clientTime":{"up":39613409,"down":363568263,"del":0},"testDuration":120441,"dX":null,"dY":147.87939698492463,"dYMetric":147.87939698492463}