{"startTime":1572990744360,"endTime":1572990847910,"minLatency":1,"maxLatency":"6400","minMetric":1,"maxMetric":"6400","clientTime":{"up":24116174,"down":27183051,"del":0},"testDuration":103550,"dX":null,"dY":32.1608040201005,"dYMetric":32.1608040201005}