{"startTime":1572993029477,"endTime":1572993129504,"minLatency":6,"maxLatency":237,"minMetric":6,"maxMetric":237,"clientTime":{"up":424892,"down":372388,"del":0},"testDuration":100027,"dX":null,"dY":1.1909547738693467,"dYMetric":1.1909547738693467}