{"startTime":1572983209711,"endTime":1572983516747,"minLatency":1,"maxLatency":"32000","minMetric":1,"maxMetric":"32000","clientTime":{"up":11224022,"down":17850243,"del":1156846243},"testDuration":307036,"dX":null,"dY":160.80402010050253,"dYMetric":160.80402010050253}