{"startTime":1572992929464,"endTime":1572993029505,"minLatency":6,"maxLatency":237,"minMetric":6,"maxMetric":237,"clientTime":{"up":591,"down":796303,"del":0},"testDuration":100041,"dX":null,"dY":1.1909547738693467,"dYMetric":1.1909547738693467}