{"startTime":1572990846419,"endTime":1572991098034,"minLatency":15,"maxLatency":5487,"minMetric":15,"maxMetric":5487,"clientTime":{"up":215481,"down":272790,"del":127446834},"testDuration":251615,"dX":null,"dY":27.57286432160804,"dYMetric":27.57286432160804}