{"startTime":1572995106081,"endTime":1572995405976,"minLatency":1,"maxLatency":"2000","minMetric":1,"maxMetric":"2000","clientTime":{"up":2394798,"down":0,"del":0},"testDuration":299895,"dX":null,"dY":10.050251256281408,"dYMetric":10.050251256281408}