{"startTime":1572995605102,"endTime":1572995613028,"minLatency":7,"maxLatency":2256,"minMetric":7,"maxMetric":2256,"clientTime":{"up":3177,"down":4809,"del":50015},"testDuration":7926,"dX":null,"dY":11.336683417085426,"dYMetric":11.336683417085426}