{"startTime":1572979848470,"endTime":1572980148462,"minLatency":1,"maxLatency":"100","minMetric":1,"maxMetric":"100","clientTime":{"up":2378819,"down":0,"del":0},"testDuration":299992,"dX":null,"dY":0.5025125628140703,"dYMetric":0.5025125628140703}