{"startTime":1572995405159,"endTime":1572995505274,"minLatency":1,"maxLatency":"2000","minMetric":1,"maxMetric":"2000","clientTime":{"up":9640,"down":787406,"del":0},"testDuration":100115,"dX":null,"dY":10.050251256281408,"dYMetric":10.050251256281408}