{"startTime":1572995955594,"endTime":1572996064451,"minLatency":1,"maxLatency":"16000","minMetric":1,"maxMetric":"16000","clientTime":{"up":644997,"down":5849525,"del":0},"testDuration":108857,"dX":null,"dY":80.40201005025126,"dYMetric":80.40201005025126}