{"startTime":1572984095127,"endTime":1572984327120,"minLatency":1,"maxLatency":"100","minMetric":1,"maxMetric":"100","clientTime":{"up":175,"down":25,"del":1838546},"testDuration":231993,"dX":null,"dY":0.5025125628140703,"dYMetric":0.5025125628140703}