{"startTime":1572988751223,"endTime":1572989051217,"minLatency":1,"maxLatency":"800","minMetric":1,"maxMetric":"800","clientTime":{"up":19163213,"down":0,"del":0},"testDuration":299994,"dX":null,"dY":4.0201005025125625,"dYMetric":4.0201005025125625}