{"startTime":1572992298915,"endTime":1572992571626,"minLatency":19,"maxLatency":29428,"minMetric":19,"maxMetric":29428,"clientTime":{"up":13311330,"down":22084598,"del":988604830},"testDuration":272711,"dX":null,"dY":147.87939698492463,"dYMetric":147.87939698492463}