{"startTime":1572993029477,"endTime":1572993129504,"minLatency":1,"maxLatency":"200","minMetric":1,"maxMetric":"200","clientTime":{"up":424892,"down":372388,"del":0},"testDuration":100027,"dX":null,"dY":1.0050251256281406,"dYMetric":1.0050251256281406}