{"startTime":1572993225246,"endTime":1572993525246,"minLatency":12,"maxLatency":914,"minMetric":12,"maxMetric":914,"clientTime":{"up":19170851,"down":0,"del":0},"testDuration":300000,"dX":null,"dY":4.592964824120603,"dYMetric":4.592964824120603}