{"startTime":1572996156265,"endTime":1572996173357,"minLatency":1,"maxLatency":"16000","minMetric":1,"maxMetric":"16000","clientTime":{"up":315420,"down":182801,"del":128767},"testDuration":17092,"dX":null,"dY":80.40201005025126,"dYMetric":80.40201005025126}