{"startTime":1572981916875,"endTime":1572982216874,"minLatency":12,"maxLatency":5052,"minMetric":12,"maxMetric":5052,"clientTime":{"up":153330541,"down":0,"del":0},"testDuration":299999,"dX":null,"dY":25.386934673366834,"dYMetric":25.386934673366834}