{"startTime":1572984095127,"endTime":1572984327120,"minLatency":6,"maxLatency":205,"minMetric":6,"maxMetric":205,"clientTime":{"up":175,"down":25,"del":1838546},"testDuration":231993,"dX":null,"dY":1.0301507537688441,"dYMetric":1.0301507537688441}