{"startTime":1572993881688,"endTime":1572994181701,"minLatency":18,"maxLatency":6336,"minMetric":18,"maxMetric":6336,"clientTime":{"up":152661976,"down":0,"del":0},"testDuration":300013,"dX":null,"dY":31.839195979899497,"dYMetric":31.839195979899497}