{"startTime":1572994377489,"endTime":1572994438840,"minLatency":18,"maxLatency":6336,"minMetric":18,"maxMetric":6336,"clientTime":{"up":1110109,"down":784715,"del":28025310},"testDuration":61351,"dX":null,"dY":31.839195979899497,"dYMetric":31.839195979899497}