{"startTime":1572980348458,"endTime":1572980638653,"minLatency":5,"maxLatency":233,"minMetric":5,"maxMetric":233,"clientTime":{"up":66,"down":90,"del":2298228},"testDuration":290195,"dX":null,"dY":1.170854271356784,"dYMetric":1.170854271356784}