{"startTime":1572995106081,"endTime":1572995405976,"minLatency":7,"maxLatency":2256,"minMetric":7,"maxMetric":2256,"clientTime":{"up":2394798,"down":0,"del":0},"testDuration":299895,"dX":null,"dY":11.336683417085426,"dYMetric":11.336683417085426}