{"startTime":1572980248458,"endTime":1572980348469,"minLatency":1,"maxLatency":"100","minMetric":1,"maxMetric":"100","clientTime":{"up":431713,"down":360861,"del":0},"testDuration":100011,"dX":null,"dY":0.5025125628140703,"dYMetric":0.5025125628140703}