{"startTime":1572995605102,"endTime":1572995613028,"minLatency":1,"maxLatency":"2000","minMetric":1,"maxMetric":"2000","clientTime":{"up":3177,"down":4809,"del":50015},"testDuration":7926,"dX":null,"dY":10.050251256281408,"dYMetric":10.050251256281408}