{"startTime":1572981112393,"endTime":1572981412391,"minLatency":1,"maxLatency":"800","minMetric":1,"maxMetric":"800","clientTime":{"up":19165336,"down":0,"del":0},"testDuration":299998,"dX":null,"dY":4.0201005025125625,"dYMetric":4.0201005025125625}