{"startTime":1572992100611,"endTime":1572992221052,"minLatency":1,"maxLatency":"32000","minMetric":1,"maxMetric":"32000","clientTime":{"up":39613409,"down":363568263,"del":0},"testDuration":120441,"dX":null,"dY":160.80402010050253,"dYMetric":160.80402010050253}