{"startTime":1572995955594,"endTime":1572996064451,"minLatency":10,"maxLatency":23299,"minMetric":10,"maxMetric":23299,"clientTime":{"up":644997,"down":5849525,"del":0},"testDuration":108857,"dX":null,"dY":117.08040201005025,"dYMetric":117.08040201005025}