{"startTime":1572982725952,"endTime":1572983025954,"minLatency":15,"maxLatency":41896,"minMetric":15,"maxMetric":41896,"clientTime":{"up":1214095529,"down":0,"del":0},"testDuration":300002,"dX":null,"dY":210.53266331658293,"dYMetric":210.53266331658293}