{"startTime":1572989051100,"endTime":1572989151221,"minLatency":1,"maxLatency":"800","minMetric":1,"maxMetric":"800","clientTime":{"up":7426,"down":6381137,"del":0},"testDuration":100121,"dX":null,"dY":4.0201005025125625,"dYMetric":4.0201005025125625}