{"startTime":1572979848470,"endTime":1572980148462,"minLatency":5,"maxLatency":233,"minMetric":5,"maxMetric":233,"clientTime":{"up":2378819,"down":0,"del":0},"testDuration":299992,"dX":null,"dY":1.170854271356784,"dYMetric":1.170854271356784}