{"startTime":1572983995130,"endTime":1572984095143,"minLatency":1,"maxLatency":"100","minMetric":1,"maxMetric":"100","clientTime":{"up":425279,"down":369045,"del":0},"testDuration":100013,"dX":null,"dY":0.5025125628140703,"dYMetric":0.5025125628140703}