{"startTime":1572981916875,"endTime":1572982216874,"minLatency":1,"maxLatency":"6400","minMetric":1,"maxMetric":"6400","clientTime":{"up":153330541,"down":0,"del":0},"testDuration":299999,"dX":null,"dY":32.1608040201005,"dYMetric":32.1608040201005}