{"startTime":1572981612210,"endTime":1572981900949,"minLatency":1,"maxLatency":"800","minMetric":1,"maxMetric":"800","clientTime":{"up":4285,"down":1964,"del":18421289},"testDuration":288739,"dX":null,"dY":4.0201005025125625,"dYMetric":4.0201005025125625}