{"startTime":1572983595139,"endTime":1572983895140,"minLatency":6,"maxLatency":205,"minMetric":6,"maxMetric":205,"clientTime":{"up":2383848,"down":0,"del":0},"testDuration":300001,"dX":null,"dY":1.0301507537688441,"dYMetric":1.0301507537688441}