{"startTime":1572983209711,"endTime":1572983516747,"minLatency":15,"maxLatency":41896,"minMetric":15,"maxMetric":41896,"clientTime":{"up":11224022,"down":17850243,"del":1156846243},"testDuration":307036,"dX":1542.894472361809,"dY":210.53266331658293,"dYMetric":210.53266331658293}