{"startTime":1572992929464,"endTime":1572993029505,"minLatency":1,"maxLatency":"200","minMetric":1,"maxMetric":"200","clientTime":{"up":591,"down":796303,"del":0},"testDuration":100041,"dX":502.7185929648241,"dY":1.0050251256281406,"dYMetric":1.0050251256281406}