{"startTime":1572983102956,"endTime":1572983225954,"minLatency":1,"maxLatency":"32000","minMetric":1,"maxMetric":"32000","clientTime":{"up":164368751,"down":245417283,"del":0},"testDuration":122998,"dX":618.0804020100503,"dY":160.80402010050253,"dYMetric":160.80402010050253}