{"startTime":1572980248458,"endTime":1572980348469,"minLatency":5,"maxLatency":233,"minMetric":5,"maxMetric":233,"clientTime":{"up":431713,"down":360861,"del":0},"testDuration":100011,"dX":502.5678391959799,"dY":1.170854271356784,"dYMetric":1.170854271356784}