{"startTime":1572993524800,"endTime":1572993625244,"minLatency":12,"maxLatency":914,"minMetric":12,"maxMetric":914,"clientTime":{"up":27678,"down":6375654,"del":0},"testDuration":100444,"dX":504.7437185929648,"dY":4.592964824120603,"dYMetric":4.592964824120603}