{"startTime":1572995505209,"endTime":1572995606074,"minLatency":7,"maxLatency":2256,"minMetric":7,"maxMetric":2256,"clientTime":{"up":442858,"down":359844,"del":0},"testDuration":100865,"dX":506.85929648241205,"dY":11.336683417085426,"dYMetric":11.336683417085426}