{"startTime":1572993624982,"endTime":1572993725236,"minLatency":1,"maxLatency":"1200","minMetric":1,"maxMetric":"1200","clientTime":{"up":3383811,"down":3003636,"del":0},"testDuration":100254,"dX":503.7889447236181,"dY":6.030150753768845,"dYMetric":6.030150753768845}