{"startTime":1572981612210,"endTime":1572981900949,"minLatency":8,"maxLatency":464,"minMetric":8,"maxMetric":464,"clientTime":{"up":4285,"down":1964,"del":18421289},"testDuration":288739,"dX":1450.9497487437186,"dY":2.3316582914572863,"dYMetric":2.3316582914572863}