{"startTime":1572990744360,"endTime":1572990847910,"minLatency":15,"maxLatency":5487,"minMetric":15,"maxMetric":5487,"clientTime":{"up":24116174,"down":27183051,"del":0},"testDuration":103550,"dX":520.3517587939698,"dY":27.57286432160804,"dYMetric":27.57286432160804}