{"startTime":1572983007751,"endTime":1572983125961,"minLatency":1,"maxLatency":"32000","minMetric":1,"maxMetric":"32000","clientTime":{"up":32504859,"down":375551766,"del":0},"testDuration":118210,"dX":594.0201005025126,"dY":160.80402010050253,"dYMetric":160.80402010050253}