{"startTime":1572982414988,"endTime":1572982708202,"minLatency":1,"maxLatency":"6400","minMetric":1,"maxMetric":"6400","clientTime":{"up":145308,"down":251285,"del":148225514},"testDuration":293214,"dX":1473.4371859296482,"dY":32.1608040201005,"dYMetric":32.1608040201005}