{"startTime":1572991821049,"endTime":1572992121047,"minLatency":1,"maxLatency":"32000","minMetric":1,"maxMetric":"32000","clientTime":{"up":1209986710,"down":0,"del":0},"testDuration":299998,"dX":1507.5276381909548,"dY":160.80402010050253,"dYMetric":160.80402010050253}