{"startTime":1572982314487,"endTime":1572982416868,"minLatency":12,"maxLatency":5052,"minMetric":12,"maxMetric":5052,"clientTime":{"up":22649878,"down":28613164,"del":0},"testDuration":102381,"dX":514.4773869346734,"dY":25.386934673366834,"dYMetric":25.386934673366834}