{"startTime":1572993225246,"endTime":1572993525246,"minLatency":1,"maxLatency":"1200","minMetric":1,"maxMetric":"1200","clientTime":{"up":19170851,"down":0,"del":0},"testDuration":300000,"dX":1507.537688442211,"dY":6.030150753768845,"dYMetric":6.030150753768845}