{"startTime":1572990645952,"endTime":1572990747914,"minLatency":15,"maxLatency":5487,"minMetric":15,"maxMetric":5487,"clientTime":{"up":567155,"down":50478342,"del":0},"testDuration":101962,"dX":512.3718592964824,"dY":27.57286432160804,"dYMetric":27.57286432160804}