{"startTime":1572995664634,"endTime":1572995965430,"minLatency":1,"maxLatency":"16000","minMetric":1,"maxMetric":"16000","clientTime":{"up":18909979,"down":0,"del":0},"testDuration":300796,"dX":1511.537688442211,"dY":80.40201005025126,"dYMetric":80.40201005025126}