{"startTime":1572982214893,"endTime":1572982316874,"minLatency":12,"maxLatency":5052,"minMetric":12,"maxMetric":5052,"clientTime":{"up":535416,"down":50586958,"del":0},"testDuration":101981,"dX":512.4673366834171,"dY":25.386934673366834,"dYMetric":25.386934673366834}