{"startTime":1572990645952,"endTime":1572990747914,"minLatency":1,"maxLatency":"6400","minMetric":1,"maxMetric":"6400","clientTime":{"up":567155,"down":50478342,"del":0},"testDuration":101962,"dX":512.3718592964824,"dY":32.1608040201005,"dYMetric":32.1608040201005}