{"startTime":1572993524800,"endTime":1572993625244,"minLatency":1,"maxLatency":"1200","minMetric":1,"maxMetric":"1200","clientTime":{"up":27678,"down":6375654,"del":0},"testDuration":100444,"dX":504.7437185929648,"dY":6.030150753768845,"dYMetric":6.030150753768845}