{"startTime":1572981412294,"endTime":1572981512395,"minLatency":8,"maxLatency":464,"minMetric":8,"maxMetric":464,"clientTime":{"up":6917,"down":6380586,"del":0},"testDuration":100101,"dX":503.02010050251255,"dY":2.3316582914572863,"dYMetric":2.3316582914572863}