{"startTime":1572982314487,"endTime":1572982416868,"minLatency":1,"maxLatency":"6400","minMetric":1,"maxMetric":"6400","clientTime":{"up":22649878,"down":28613164,"del":0},"testDuration":102381,"dX":514.4773869346734,"dY":32.1608040201005,"dYMetric":32.1608040201005}