{"startTime":1572982214893,"endTime":1572982316874,"minLatency":1,"maxLatency":"6400","minMetric":1,"maxMetric":"6400","clientTime":{"up":535416,"down":50586958,"del":0},"testDuration":101981,"dX":512.4673366834171,"dY":32.1608040201005,"dYMetric":32.1608040201005}