{"startTime":1572995405159,"endTime":1572995505274,"minLatency":7,"maxLatency":2256,"minMetric":7,"maxMetric":2256,"clientTime":{"up":9640,"down":787406,"del":0},"testDuration":100115,"dX":503.09045226130655,"dY":11.336683417085426,"dYMetric":11.336683417085426}