{"startTime":1572995664634,"endTime":1572995965430,"minLatency":10,"maxLatency":23299,"minMetric":10,"maxMetric":23299,"clientTime":{"up":18909979,"down":0,"del":0},"testDuration":300796,"dX":1511.537688442211,"dY":117.08040201005025,"dYMetric":117.08040201005025}