{"startTime":1572980148450,"endTime":1572980248470,"minLatency":5,"maxLatency":233,"minMetric":5,"maxMetric":233,"clientTime":{"up":159,"down":792306,"del":0},"testDuration":100020,"dX":502.61306532663315,"dY":1.170854271356784,"dYMetric":1.170854271356784}