{"startTime":1572996056246,"endTime":1572996164769,"minLatency":10,"maxLatency":23299,"minMetric":10,"maxMetric":23299,"clientTime":{"up":2966412,"down":3050188,"del":0},"testDuration":108523,"dX":545.3417085427136,"dY":117.08040201005025,"dYMetric":117.08040201005025}