{"startTime":1572993881688,"endTime":1572994181701,"minLatency":1,"maxLatency":"7200","minMetric":1,"maxMetric":"7200","clientTime":{"up":152661976,"down":0,"del":0},"testDuration":300013,"dX":1507.6030150753768,"dY":36.18090452261306,"dYMetric":36.18090452261306}