{"startTime":1572992298915,"endTime":1572992571626,"minLatency":1,"maxLatency":"32000","minMetric":1,"maxMetric":"32000","clientTime":{"up":13311330,"down":22084598,"del":988604830},"testDuration":272711,"dX":1370.4070351758794,"dY":160.80402010050253,"dYMetric":160.80402010050253}