{"startTime":1572990846419,"endTime":1572991098034,"minLatency":1,"maxLatency":"6400","minMetric":1,"maxMetric":"6400","clientTime":{"up":215481,"down":272790,"del":127446834},"testDuration":251615,"dX":1264.3969849246232,"dY":32.1608040201005,"dYMetric":32.1608040201005}