{"startTime":1572983895128,"endTime":1572983995143,"minLatency":1,"maxLatency":"100","minMetric":1,"maxMetric":"100","clientTime":{"up":183,"down":793564,"del":0},"testDuration":100015,"dX":502.58793969849245,"dY":0.5025125628140703,"dYMetric":0.5025125628140703}