{"startTime":1572981412294,"endTime":1572981512395,"minLatency":1,"maxLatency":"800","minMetric":1,"maxMetric":"800","clientTime":{"up":6917,"down":6380586,"del":0},"testDuration":100101,"dX":503.02010050251255,"dY":4.0201005025125625,"dYMetric":4.0201005025125625}