{"startTime":1572994177803,"endTime":1572994281683,"minLatency":1,"maxLatency":"7200","minMetric":1,"maxMetric":"7200","clientTime":{"up":1625773,"down":49572086,"del":0},"testDuration":103880,"dX":522.0100502512563,"dY":36.18090452261306,"dYMetric":36.18090452261306}