{"startTime":1572993129421,"endTime":1572993205327,"minLatency":1,"maxLatency":"200","minMetric":1,"maxMetric":"200","clientTime":{"up":181,"down":476,"del":599633},"testDuration":75906,"dX":381.43718592964825,"dY":1.0050251256281406,"dYMetric":1.0050251256281406}