{"startTime":1572995505209,"endTime":1572995606074,"minLatency":1,"maxLatency":"2000","minMetric":1,"maxMetric":"2000","clientTime":{"up":442858,"down":359844,"del":0},"testDuration":100865,"dX":506.85929648241205,"dY":10.050251256281408,"dYMetric":10.050251256281408}