{"startTime":1572993129421,"endTime":1572993205327,"minLatency":6,"maxLatency":237,"minMetric":6,"maxMetric":237,"clientTime":{"up":181,"down":476,"del":599633},"testDuration":75906,"dX":381.43718592964825,"dY":1.1909547738693467,"dYMetric":1.1909547738693467}