{"startTime":1572989051100,"endTime":1572989151221,"minLatency":10,"maxLatency":502,"minMetric":10,"maxMetric":502,"clientTime":{"up":7426,"down":6381137,"del":0},"testDuration":100121,"dX":503.1206030150754,"dY":2.522613065326633,"dYMetric":2.522613065326633}