{"startTime":1572989251006,"endTime":1572989494438,"minLatency":1,"maxLatency":"800","minMetric":1,"maxMetric":"800","clientTime":{"up":6537,"down":2323,"del":15514202},"testDuration":243432,"dX":1223.2763819095478,"dY":4.0201005025125625,"dYMetric":4.0201005025125625}