{"startTime":1572994278336,"endTime":1572994381698,"minLatency":1,"maxLatency":"7200","minMetric":1,"maxMetric":"7200","clientTime":{"up":25127467,"down":25983604,"del":0},"testDuration":103362,"dX":519.4070351758794,"dY":36.18090452261306,"dYMetric":36.18090452261306}