{"startTime":1572983995130,"endTime":1572984095143,"minLatency":6,"maxLatency":205,"minMetric":6,"maxMetric":205,"clientTime":{"up":425279,"down":369045,"del":0},"testDuration":100013,"dX":502.5778894472362,"dY":1.0301507537688441,"dYMetric":1.0301507537688441}