{"startTime":1572982414988,"endTime":1572982708202,"minLatency":12,"maxLatency":5052,"minMetric":12,"maxMetric":5052,"clientTime":{"up":145308,"down":251285,"del":148225514},"testDuration":293214,"dX":1473.4371859296482,"dY":25.386934673366834,"dYMetric":25.386934673366834}