{"startTime":1572983007751,"endTime":1572983125961,"minLatency":15,"maxLatency":41896,"minMetric":15,"maxMetric":41896,"clientTime":{"up":32504859,"down":375551766,"del":0},"testDuration":118210,"dX":594.0201005025126,"dY":210.53266331658293,"dYMetric":210.53266331658293}