{"startTime":1572983595139,"endTime":1572983895140,"minLatency":1,"maxLatency":"100","minMetric":1,"maxMetric":"100","clientTime":{"up":2383848,"down":0,"del":0},"testDuration":300001,"dX":1507.5427135678392,"dY":0.5025125628140703,"dYMetric":0.5025125628140703}