{"startTime":1572994377489,"endTime":1572994438840,"minLatency":1,"maxLatency":"7200","minMetric":1,"maxMetric":"7200","clientTime":{"up":1110109,"down":784715,"del":28025310},"testDuration":61351,"dX":308.2964824120603,"dY":36.18090452261306,"dYMetric":36.18090452261306}