{"startTime":1572988751223,"endTime":1572989051217,"minLatency":10,"maxLatency":502,"minMetric":10,"maxMetric":502,"clientTime":{"up":19163213,"down":0,"del":0},"testDuration":299994,"dX":1507.5075376884422,"dY":2.522613065326633,"dYMetric":2.522613065326633}