{"startTime":1572996156265,"endTime":1572996173357,"minLatency":10,"maxLatency":23299,"minMetric":10,"maxMetric":23299,"clientTime":{"up":315420,"down":182801,"del":128767},"testDuration":17092,"dX":85.8894472361809,"dY":117.08040201005025,"dYMetric":117.08040201005025}