{"startTime":1572994177803,"endTime":1572994281683,"minLatency":18,"maxLatency":6336,"minMetric":18,"maxMetric":6336,"clientTime":{"up":1625773,"down":49572086,"del":0},"testDuration":103880,"dX":522.0100502512563,"dY":31.839195979899497,"dYMetric":31.839195979899497}