{"startTime":1572981112393,"endTime":1572981412391,"minLatency":8,"maxLatency":464,"minMetric":8,"maxMetric":464,"clientTime":{"up":19165336,"down":0,"del":0},"testDuration":299998,"dX":1507.5276381909548,"dY":2.3316582914572863,"dYMetric":2.3316582914572863}