{"startTime":1572982725952,"endTime":1572983025954,"minLatency":1,"maxLatency":"32000","minMetric":1,"maxMetric":"32000","clientTime":{"up":1214095529,"down":0,"del":0},"testDuration":300002,"dX":1507.5477386934674,"dY":160.80402010050253,"dYMetric":160.80402010050253}