{"startTime":1572994278336,"endTime":1572994381698,"minLatency":18,"maxLatency":6336,"minMetric":18,"maxMetric":6336,"clientTime":{"up":25127467,"down":25983604,"del":0},"testDuration":103362,"dX":519.4070351758794,"dY":31.839195979899497,"dYMetric":31.839195979899497}