{"startTime":1572980148450,"endTime":1572980248470,"minLatency":1,"maxLatency":"100","minMetric":1,"maxMetric":"100","clientTime":{"up":159,"down":792306,"del":0},"testDuration":100020,"dX":502.61306532663315,"dY":0.5025125628140703,"dYMetric":0.5025125628140703}