{"startTime":1572981512172,"endTime":1572981612389,"minLatency":8,"maxLatency":464,"minMetric":8,"maxMetric":464,"clientTime":{"up":3651494,"down":2738257,"del":0},"testDuration":100217,"dX":503.6030150753769,"dY":2.3316582914572863,"dYMetric":2.3316582914572863}