{"startTime":1573154691071,"endTime":1573154791612,"minLatency":1,"maxLatency":"6400","minMetric":1,"maxMetric":"6400","clientTime":{"up":29822130,"down":21295444,"del":0},"testDuration":100541,"dX":null,"dY":32.1608040201005,"dYMetric":32.1608040201005}