{"startTime":1573153828776,"endTime":1573153928914,"minLatency":1,"maxLatency":"800","minMetric":1,"maxMetric":"800","clientTime":{"up":9373,"down":6376263,"del":0},"testDuration":100138,"dX":null,"dY":4.0201005025125625,"dYMetric":4.0201005025125625}