{"startTime":1573087000316,"endTime":1573087100327,"minLatency":1,"maxLatency":"100","minMetric":1,"maxMetric":"100","clientTime":{"up":116,"down":789130,"del":0},"testDuration":100011,"dX":null,"dY":0.5025125628140703,"dYMetric":0.5025125628140703}