{"startTime":1573157738021,"endTime":1573158038015,"minLatency":1,"maxLatency":"7200","minMetric":1,"maxMetric":"7200","clientTime":{"up":152630718,"down":0,"del":0},"testDuration":299994,"dX":null,"dY":36.18090452261306,"dYMetric":36.18090452261306}