{"startTime":1573153176196,"endTime":1573153276206,"minLatency":1,"maxLatency":"100","minMetric":1,"maxMetric":"100","clientTime":{"up":523693,"down":270252,"del":0},"testDuration":100010,"dX":null,"dY":0.5025125628140703,"dYMetric":0.5025125628140703}