{"startTime":1573155733123,"endTime":1573155838574,"minLatency":1,"maxLatency":"32000","minMetric":1,"maxMetric":"32000","clientTime":{"up":227503890,"down":177046606,"del":0},"testDuration":105451,"dX":null,"dY":160.80402010050253,"dYMetric":160.80402010050253}