{"startTime":1573158234232,"endTime":1573158295834,"minLatency":1,"maxLatency":"7200","minMetric":1,"maxMetric":"7200","clientTime":{"up":987563,"down":890484,"del":28390523},"testDuration":61602,"dX":null,"dY":36.18090452261306,"dYMetric":36.18090452261306}