{"startTime":1573086700329,"endTime":1573087000324,"minLatency":1,"maxLatency":"100","minMetric":1,"maxMetric":"100","clientTime":{"up":2379419,"down":0,"del":0},"testDuration":299995,"dX":null,"dY":0.5025125628140703,"dYMetric":0.5025125628140703}