{"startTime":1573087100321,"endTime":1573087200326,"minLatency":1,"maxLatency":"100","minMetric":1,"maxMetric":"100","clientTime":{"up":556947,"down":235276,"del":0},"testDuration":100005,"dX":null,"dY":0.5025125628140703,"dYMetric":0.5025125628140703}