{"startTime":1573154790707,"endTime":1573155040836,"minLatency":1,"maxLatency":"6400","minMetric":1,"maxMetric":"6400","clientTime":{"up":224100,"down":116041,"del":126870140},"testDuration":250129,"dX":null,"dY":32.1608040201005,"dYMetric":32.1608040201005}