{"startTime":1573156779333,"endTime":1573157079341,"minLatency":1,"maxLatency":"1200","minMetric":1,"maxMetric":"1200","clientTime":{"up":19172685,"down":0,"del":0},"testDuration":300008,"dX":null,"dY":6.030150753768845,"dYMetric":6.030150753768845}