{"startTime":1573160240759,"endTime":1573160540726,"minLatency":1,"maxLatency":"2000","minMetric":1,"maxMetric":"2000","clientTime":{"up":2394593,"down":0,"del":0},"testDuration":299967,"dX":null,"dY":10.050251256281408,"dYMetric":10.050251256281408}