{"startTime":1573152776207,"endTime":1573153076206,"minLatency":1,"maxLatency":"100","minMetric":1,"maxMetric":"100","clientTime":{"up":2382783,"down":0,"del":0},"testDuration":299999,"dX":null,"dY":0.5025125628140703,"dYMetric":0.5025125628140703}