{"startTime":1573155823072,"endTime":1573156093621,"minLatency":1,"maxLatency":"32000","minMetric":1,"maxMetric":"32000","clientTime":{"up":18468804,"down":10723266,"del":1008833128},"testDuration":270549,"dX":null,"dY":160.80402010050253,"dYMetric":160.80402010050253}