{"startTime":1573156678940,"endTime":1573156756846,"minLatency":1,"maxLatency":"200","minMetric":1,"maxMetric":"200","clientTime":{"up":358,"down":169,"del":614951},"testDuration":77906,"dX":null,"dY":1.0050251256281406,"dYMetric":1.0050251256281406}