{"startTime":1573160539798,"endTime":1573160640826,"minLatency":1,"maxLatency":"2000","minMetric":1,"maxMetric":"2000","clientTime":{"up":9671,"down":792294,"del":0},"testDuration":101028,"dX":null,"dY":10.050251256281408,"dYMetric":10.050251256281408}