{"startTime":1573153276179,"endTime":1573153509363,"minLatency":1,"maxLatency":"100","minMetric":1,"maxMetric":"100","clientTime":{"up":88,"down":52,"del":1845612},"testDuration":233184,"dX":null,"dY":0.5025125628140703,"dYMetric":0.5025125628140703}