{"startTime":1573153528914,"endTime":1573153828910,"minLatency":1,"maxLatency":"800","minMetric":1,"maxMetric":"800","clientTime":{"up":19162871,"down":0,"del":0},"testDuration":299996,"dX":null,"dY":4.0201005025125625,"dYMetric":4.0201005025125625}