{"startTime":1573151929900,"endTime":1573152229897,"minLatency":1,"maxLatency":"32000","minMetric":1,"maxMetric":"32000","clientTime":{"up":1215130658,"down":0,"del":0},"testDuration":299997,"dX":null,"dY":160.80402010050253,"dYMetric":160.80402010050253}