{"startTime":1573161106283,"endTime":1573161216652,"minLatency":1,"maxLatency":"16000","minMetric":1,"maxMetric":"16000","clientTime":{"up":642052,"down":5793073,"del":0},"testDuration":110369,"dX":null,"dY":80.40201005025126,"dYMetric":80.40201005025126}