{"startTime":1573156579000,"endTime":1573156679027,"minLatency":1,"maxLatency":"200","minMetric":1,"maxMetric":"200","clientTime":{"up":461642,"down":335340,"del":0},"testDuration":100027,"dX":null,"dY":1.0050251256281406,"dYMetric":1.0050251256281406}