{"startTime":1573156478909,"endTime":1573156579015,"minLatency":1,"maxLatency":"200","minMetric":1,"maxMetric":"200","clientTime":{"up":575,"down":795805,"del":0},"testDuration":100106,"dX":null,"dY":1.0050251256281406,"dYMetric":1.0050251256281406}