{"startTime":1573157178986,"endTime":1573157279430,"minLatency":1,"maxLatency":"1200","minMetric":1,"maxMetric":"1200","clientTime":{"up":3470607,"down":2918159,"del":0},"testDuration":100444,"dX":null,"dY":6.030150753768845,"dYMetric":6.030150753768845}