{"startTime":1573154291612,"endTime":1573154591606,"minLatency":1,"maxLatency":"6400","minMetric":1,"maxMetric":"6400","clientTime":{"up":153320632,"down":0,"del":0},"testDuration":299994,"dX":null,"dY":32.1608040201005,"dYMetric":32.1608040201005}