{"startTime":1573158034615,"endTime":1573158138886,"minLatency":1,"maxLatency":"7200","minMetric":1,"maxMetric":"7200","clientTime":{"up":1424249,"down":50430312,"del":0},"testDuration":104271,"dX":null,"dY":36.18090452261306,"dYMetric":36.18090452261306}