{"startTime":1573151377651,"endTime":1573151479149,"minLatency":1,"maxLatency":"6400","minMetric":1,"maxMetric":"6400","clientTime":{"up":409627,"down":50460907,"del":0},"testDuration":101498,"dX":null,"dY":32.1608040201005,"dYMetric":32.1608040201005}