{"startTime":1573152213683,"endTime":1573152329900,"minLatency":1,"maxLatency":"32000","minMetric":1,"maxMetric":"32000","clientTime":{"up":30023881,"down":382033575,"del":0},"testDuration":116217,"dX":null,"dY":160.80402010050253,"dYMetric":160.80402010050253}