{"startTime":1573160640393,"endTime":1573160741262,"minLatency":1,"maxLatency":"2000","minMetric":1,"maxMetric":"2000","clientTime":{"up":395645,"down":404941,"del":0},"testDuration":100869,"dX":null,"dY":10.050251256281408,"dYMetric":10.050251256281408}