{"startTime":1573158135070,"endTime":1573158238038,"minLatency":1,"maxLatency":"7200","minMetric":1,"maxMetric":"7200","clientTime":{"up":24969038,"down":25484902,"del":0},"testDuration":102968,"dX":517.427135678392,"dY":36.18090452261306,"dYMetric":36.18090452261306}