{"startTime":1573151079152,"endTime":1573151379148,"minLatency":1,"maxLatency":"6400","minMetric":1,"maxMetric":"6400","clientTime":{"up":153347489,"down":0,"del":0},"testDuration":299996,"dX":1507.5175879396984,"dY":32.1608040201005,"dYMetric":32.1608040201005}