{"startTime":1573151577727,"endTime":1573151866878,"minLatency":1,"maxLatency":"6400","minMetric":1,"maxMetric":"6400","clientTime":{"up":230207,"down":98046,"del":146727708},"testDuration":289151,"dX":1453.0201005025126,"dY":32.1608040201005,"dYMetric":32.1608040201005}