{"startTime":1573150779692,"endTime":1573151069133,"minLatency":1,"maxLatency":"800","minMetric":1,"maxMetric":"800","clientTime":{"up":4268,"down":916,"del":18446651},"testDuration":289441,"dX":1454.4773869346734,"dY":4.0201005025125625,"dYMetric":4.0201005025125625}