{"startTime":1573156179023,"endTime":1573156479024,"minLatency":1,"maxLatency":"200","minMetric":1,"maxMetric":"200","clientTime":{"up":2391995,"down":0,"del":0},"testDuration":300001,"dX":1507.5427135678392,"dY":1.0050251256281406,"dYMetric":1.0050251256281406}