{"startTime":1573150279837,"endTime":1573150579837,"minLatency":1,"maxLatency":"800","minMetric":1,"maxMetric":"800","clientTime":{"up":19165996,"down":0,"del":0},"testDuration":300000,"dX":1507.537688442211,"dY":4.0201005025125625,"dYMetric":4.0201005025125625}