{"startTime":1573150579732,"endTime":1573150679837,"minLatency":1,"maxLatency":"800","minMetric":1,"maxMetric":"800","clientTime":{"up":7157,"down":6377151,"del":0},"testDuration":100105,"dX":503.04020100502515,"dY":4.0201005025125625,"dYMetric":4.0201005025125625}