{"startTime":1573150679676,"endTime":1573150779840,"minLatency":1,"maxLatency":"800","minMetric":1,"maxMetric":"800","clientTime":{"up":4556394,"down":1833333,"del":0},"testDuration":100164,"dX":503.33668341708545,"dY":4.0201005025125625,"dYMetric":4.0201005025125625}