{"startTime":1573154028729,"endTime":1573154272520,"minLatency":1,"maxLatency":"800","minMetric":1,"maxMetric":"800","clientTime":{"up":5989,"down":837,"del":15542167},"testDuration":243791,"dX":1225.0804020100502,"dY":4.0201005025125625,"dYMetric":4.0201005025125625}