{"startTime":1573157078908,"endTime":1573157179505,"minLatency":1,"maxLatency":"1200","minMetric":1,"maxMetric":"1200","clientTime":{"up":28410,"down":6374215,"del":0},"testDuration":100597,"dX":505.51256281407035,"dY":6.030150753768845,"dYMetric":6.030150753768845}