{"startTime":1573152313298,"endTime":1573152429901,"minLatency":1,"maxLatency":"32000","minMetric":1,"maxMetric":"32000","clientTime":{"up":232462540,"down":175164925,"del":0},"testDuration":116603,"dX":585.9447236180905,"dY":160.80402010050253,"dYMetric":160.80402010050253}