{"startTime":1573153928829,"endTime":1573154028912,"minLatency":1,"maxLatency":"800","minMetric":1,"maxMetric":"800","clientTime":{"up":4277154,"down":2111428,"del":0},"testDuration":100083,"dX":502.92964824120605,"dY":4.0201005025125625,"dYMetric":4.0201005025125625}