{"startTime":1573160816265,"endTime":1573161115494,"minLatency":1,"maxLatency":"16000","minMetric":1,"maxMetric":"16000","clientTime":{"up":18860359,"down":0,"del":0},"testDuration":299229,"dX":1503.6633165829146,"dY":80.40201005025126,"dYMetric":80.40201005025126}