{"startTime":1573155620725,"endTime":1573155738392,"minLatency":1,"maxLatency":"32000","minMetric":1,"maxMetric":"32000","clientTime":{"up":36298215,"down":378896616,"del":0},"testDuration":117667,"dX":591.2914572864322,"dY":160.80402010050253,"dYMetric":160.80402010050253}