{"startTime":1573161305968,"endTime":1573161324458,"minLatency":1,"maxLatency":"16000","minMetric":1,"maxMetric":"16000","clientTime":{"up":380500,"down":203939,"del":161367},"testDuration":18490,"dX":92.91457286432161,"dY":80.40201005025126,"dYMetric":80.40201005025126}