{"startTime":1573155338572,"endTime":1573155638576,"minLatency":1,"maxLatency":"32000","minMetric":1,"maxMetric":"32000","clientTime":{"up":1211200364,"down":0,"del":0},"testDuration":300004,"dX":1507.5577889447236,"dY":160.80402010050253,"dYMetric":160.80402010050253}