{"startTime":1573151475977,"endTime":1573151579152,"minLatency":1,"maxLatency":"6400","minMetric":1,"maxMetric":"6400","clientTime":{"up":31069690,"down":20438644,"del":0},"testDuration":103175,"dX":518.4673366834171,"dY":32.1608040201005,"dYMetric":32.1608040201005}