{"startTime":1573153076191,"endTime":1573153176207,"minLatency":1,"maxLatency":"100","minMetric":1,"maxMetric":"100","clientTime":{"up":244,"down":791785,"del":0},"testDuration":100016,"dX":502.5929648241206,"dY":0.5025125628140703,"dYMetric":0.5025125628140703}