{"startTime":1573152415487,"endTime":1573152720436,"minLatency":1,"maxLatency":"32000","minMetric":1,"maxMetric":"32000","clientTime":{"up":15643724,"down":7135094,"del":1160160005},"testDuration":304949,"dX":1532.4070351758794,"dY":160.80402010050253,"dYMetric":160.80402010050253}