{"startTime":1573154589118,"endTime":1573154691633,"minLatency":1,"maxLatency":"6400","minMetric":1,"maxMetric":"6400","clientTime":{"up":482228,"down":50798427,"del":0},"testDuration":102515,"dX":515.1507537688442,"dY":32.1608040201005,"dYMetric":32.1608040201005}