{"startTime":1573160740035,"endTime":1573160748093,"minLatency":1,"maxLatency":"2000","minMetric":1,"maxMetric":"2000","clientTime":{"up":4369,"down":4630,"del":48714},"testDuration":8058,"dX":40.49246231155779,"dY":10.050251256281408,"dYMetric":10.050251256281408}