{"startTime":1573157278749,"endTime":1573157334916,"minLatency":1,"maxLatency":"1200","minMetric":1,"maxMetric":"1200","clientTime":{"up":20276,"down":13484,"del":3518407},"testDuration":56167,"dX":282.2462311557789,"dY":6.030150753768845,"dYMetric":6.030150753768845}