{"startTime":1573087200309,"endTime":1573087487549,"minLatency":1,"maxLatency":"100","minMetric":1,"maxMetric":"100","clientTime":{"up":87,"down":23,"del":2274691},"testDuration":287240,"dX":1443.4170854271356,"dY":0.5025125628140703,"dYMetric":0.5025125628140703}