{"startTime":1573161208162,"endTime":1573161316483,"minLatency":1,"maxLatency":"16000","minMetric":1,"maxMetric":"16000","clientTime":{"up":2813018,"down":3477444,"del":0},"testDuration":108321,"dX":544.3266331658291,"dY":80.40201005025126,"dYMetric":80.40201005025126}